speaker,text,date,year,debate_id,predicted_fallacy_meta.llama-3-2-3b-instruct
Donald Trump,"so, as you know, 2.2 million people, modeled out, were expected to die. we closed up the greatest economy in the world in order to fight this horrible disease that came from china. its a worldwide pandemic. its all over the world. you see the spikes in europe and many other places right now. if you notice, the mortality rate is down, 85. the excess mortality rate is way down, and much lower than almost any other country. and were fighting it and were fighting it hard. there is a spike. there was a spike in florida, and its now gone. there was a very big spike in texas, its now gone. there was a very big spike in arizona, its now gone. and there were some spikes and surges in other places. they will soon be gone. we have a vaccine thats coming, its ready. its going to be announced within weeks, and its going to be delivered. we have operation warp speed, which is the military, is going to distribute the vaccine. i can tell you from personal experience that i was in the hospital, i had it. and i got better and i will tell you that i had something that they gave me  a therapeutic, i guess they would call it. some people could say it was a cure. but i was in for a short period of time and i got better very fast or i wouldnt be here tonight. and now they say im immune. whether its four months or a lifetime, nobodys been able to say that, but im immune. more and more people are getting better. we have a problem thats a worldwide problem. this is a worldwide problem, but ive been congratulated by the heads of many countries on what weve been able to do with the  if you take a look at what weve done in terms of goggles and masks and gowns and everything else, and in particular, ventilators. were now making ventilators. all over the world, thousands and thousands a month, distributing them all over the world, it will go away and as i say, were rounding the turn, were rounding the corner, its going away.",2020-10-22,2020,2020_October_22_2020,appeal to emotion
Welker,"ok, former vice president biden, to you, how would you lead the country out of this crisis? you have two minutes uninterrupted.",2020-10-22,2020,2020_October_22_2020,ad hominem
Joe Biden,"220,000 americans dead. if you hear nothing else i say tonight, hear this. anyone whos responsible for not taking control  in fact, not saying, i take no responsibility, initially  anyone who is responsible for that many deaths should not remain as president of the united states of america. were in a situation where there are thousands of deaths a day, a thousand deaths a day. and there are over 70,000 new cases per day. compared to whats going on in europe, as the new england medical journal said, theyre starting from a very low rate. were starting from a very high rate. the expectation is well have another 200,000 americans dead by the time, between now and the end of the year. if we just wore these masks  the presidents own advisors have told him  we could save 100,000 lives. and were in a circumstance where the president, thus far, still has no plan. no comprehensive plan. what i would do is make sure we have everyone encouraged to wear a mask, all the time. i would make sure we move in the direction of rapid testing, investing in rapid testing. i would make sure that we set up national standards as to how to open up schools and open up businesses so they can be safe, and give them the wherewithal and financial resources to be able to do that. were in a situation now where the new england medical journal  one of the serious, most serious journals in the whole world  said for the first time ever that this, the way this president has responded to this crisis has been absolutely tragic. and so folks, i will take care of this, i will end this, i will make sure we have a plan.",2020-10-22,2020,2020_October_22_2020,fallacy of relevance
Welker,"president trump, id like to follow up with you and your comments. you talked about taking a therapeutic. i assume youre referencing regeneron. you also said a vaccine will be coming within weeks. is that a guarantee?",2020-10-22,2020,2020_October_22_2020,None
Donald Trump,"no, its not a guarantee but it will be by the end of the year, but i think it has a good chance. there are two companies, i think, within a matter of weeks, and it will be distributed very quickly.",2020-10-22,2020,2020_October_22_2020,None
Welker,can you tell us which companies?,2020-10-22,2020,2020_October_22_2020,None
Donald Trump,"johnson and johnson is doing very well. moderna is doing very well. pfizer is doing very well, and we have numerous others. and then we also have others that were working on very closely with other countries, in particular europe.",2020-10-22,2020,2020_October_22_2020,fallacy of relevance
Welker,"let me follow up with you, and because this is new information  you have said a vaccine is coming soon, within weeks now. your own officials say it could take well into 2021 at the earliest for enough americans to get vaccinated, and even then they say the country will be wearing masks and distancing into 2022. is your timeline realistic?",2020-10-22,2020,2020_October_22_2020,fallacy of relevance
Donald Trump,"no, i think my timeline is going to be more accurate. i dont know that theyre counting on the military the way i do, but we have our generals lined up, one in particular, thats the head of logistics. and this is a very easy distribution for him. hes ready to go as soon as we have the vaccine, and we expect to have 100 million vials as soon as we have the vaccine, hes ready to go.",2020-10-22,2020,2020_October_22_2020,None
Welker,"vice president biden, your reaction? just 40 of americans say they would definitely agree to take a coronavirus vaccine if it was approved by the government. what steps would you take to give americans confidence in a vaccine if it were approved?",2020-10-22,2020,2020_October_22_2020,None
Joe Biden,"make sure its totally transparent. have the scientific world see it, know it, look at it, go through all the processes. and by the way, this is the same fellow who told you this is going to end by easter last time. this the same fellow who told you that, dont worry, were going to end this by the summer. were about to go into a dark winter, a dark winter, and he has no clear plan and theres no prospect that theres going to be a vaccine available for the majority of the american people before the middle of next year.",2020-10-22,2020,2020_October_22_2020,ad hominem
Welker,"president trump, your reaction? he says you have no plan.",2020-10-22,2020,2020_October_22_2020,ad hominem
Donald Trump,"i dont think were going to have a dark winter at all. were opening up our country. weve learned and studied and understand the disease, which we didnt at the beginning. when i closed and banned china from coming in heavily infected, and then ultimately europe, but china was in january  months later he was saying i was xenophobic, i did it too soon. now hes saying, oh, i should have, i should have, you know, moved quicker. but he didnt move quicker he was months behind me, many months behind me. and frankly, he ran the h1n1 swine flu, and it was a total disaster. far less lethal. but it was a total disaster. had that had this kind of numbers, 700,000 people would be dead right now, but it was a far less lethal disease. look, his own person who ran that for him who, as you know was his chief of staff, said it was catastrophic, it was horrible, we didnt know what we were doing. now he comes up and he tells us how to do this. also everything that he said about the way  every single move that he said we should make  thats what weve done, weve done all of it, but he was way behind us.",2020-10-22,2020,2020_October_22_2020,fallacy of relevance
Welker,"vice president biden, your response?",2020-10-22,2020,2020_October_22_2020,None
Joe Biden,"my responses is, he is xenophobic but not because he shut down access from china. and he did it late, after 40 countries had already done that. in addition to that, what he did, he made sure that we had 44 people that were in there, in china, trying to get to wuhan to determine what exactly the source was. what did the president say in january? he said no, he said, this is  hes being transparent, the president of china is being transparent. we owe him a debt of gratitude. we have to thank him. and then what happened was, we started talking about using the defense act, to make sure we go out and get whatever is needed out there to protect people. and again, i go back to this, he had nothing. he did virtually nothing. and then he gets out of the hospital, and he talks about were, this is, oh, dont worry. this is all going to be over soon. come on, theres not another serious scientist in the world who thinks its going to be over soon.",2020-10-22,2020,2020_October_22_2020,None
Welker,"president trump, your reaction?",2020-10-22,2020,2020_October_22_2020,ad hominem
Donald Trump,"i did not say over soon. i say were learning to live with it. we have no choice. we cant lock ourselves up in a basement like joe does. he has the ability to lock himself up. i dont know, hes obviously made a lot of money, someplace, but he has this thing about living in a basement. people cant do that. by the way, i, as the president, couldnt do that. id love to put myself in the basement or in a beautiful room in the white house and go away for a year and a half until it disappears. i cant do that. and kristen  every, every meeting i had  every meeting i had  and id meet a lot of families, including gold star families and military families, every meeting i had  and i had to meet them, i had to, it would be horrible to have canceled everything. i said, you know, this is dangerous. and you catch it. and you know, i caught it. i learned a lot. i learned a lot, great doctors, great hospitals. and now, i recovered. 99.9 of young people recover. 99 of people recover. we have to recover. we cant close up our nation, we have to open our school, and we cant close up our nation, or youre not going to have a nation.",2020-10-22,2020,2020_October_22_2020,fallacy of relevance
Welker,"and of course the cdc has said young people can get sick with covid19 and can pass it. vice president biden, i want to talk broadly about strategy, though.",2020-10-22,2020,2020_October_22_2020,fallacy of relevance
Joe Biden,can i respond to that?,2020-10-22,2020,2020_October_22_2020,None
Welker,"30 seconds please, and then i have a question.",2020-10-22,2020,2020_October_22_2020,None
Joe Biden,"number one. he says that were, you know, were learning to live with it. people are learning to die with it. you folks home will have an empty chair at the kitchen table this morning. that man or wife going to bed tonight and reaching over to try to touch their, out of habit, where their wife or husband was, is gone. learning to live with it? come on. were dying with it, because hes never said  he said its dangerous. whens the last time? is it really dangerous, still? are we dangerous? you tell the people its dangerous now? what should they do about the danger? and you say, i take no responsibility.",2020-10-22,2020,2020_October_22_2020,appeal to emotion
Welker,let me talk about,2020-10-22,2020,2020_October_22_2020,None
Donald Trump,excuse me.,2020-10-22,2020,2020_October_22_2020,None
Welker,very quickly.,2020-10-22,2020,2020_October_22_2020,None
Donald Trump,"i take full responsibility. its not my fault that it came here. its chinas fault. and you know what, its not joes fault that it came here either. its chinas fault. they kept it from going into the rest of china, for the most part, but they didnt keep it from coming out to the world including europe and ourselves.",2020-10-22,2020,2020_October_22_2020,false dilemma
Welker,vice president biden.,2020-10-22,2020,2020_October_22_2020,None
Joe Biden,"the fact is, that when we knew it was coming, when it hit  what happened? what did the president say? he said dont worry, its going to go away, be gone by easter. dont worry, the warm weather. dont worry, maybe inject bleach  he said he was kidding when he said that, but a lot of people thought it was serious. a whole range of things the president said. and even today, he thinks we are in control. were about to lose 200,000 more people.",2020-10-22,2020,2020_October_22_2020,fallacy of relevance
Welker,president trump.,2020-10-22,2020,2020_October_22_2020,None
Donald Trump,"look, perhaps just to finish this, i was kidding on that but just to finish this. when i closed, he said, i shouldnt have closed. and that went on for months. what nancy pelosi said the same thing. she was dancing on the streets in chinatown in san francisco. but when i closed, he said, this is a terrible thing. youre xenophobic. i think he called me racist, even, and because i was closing it to china. now he says i should have closed it earlier. it just, joe, it doesnt work.",2020-10-22,2020,2020_October_22_2020,ad hominem
Joe Biden,i didnt say either of those things.,2020-10-22,2020,2020_October_22_2020,None
Donald Trump,you certainly did.,2020-10-22,2020,2020_October_22_2020,None
Joe Biden,i talked about his xenophobia in a different context. it wasnt about closing the border to chinese coming to the united states.,2020-10-22,2020,2020_October_22_2020,None
Welker,"all right, i want to talk about both of your different strategies to handling this.",2020-10-22,2020,2020_October_22_2020,None
Donald Trump,he thought i shouldnt have closed the border. thats obvious.,2020-10-22,2020,2020_October_22_2020,ad hominem
Welker,"do you want to respond to that quickly, vice president biden?",2020-10-22,2020,2020_October_22_2020,None
Welker,"ok, lets talk about your different strategies toward dealing with this. mr. vice president, you suggested you would support new shutdowns if scientists recommended it. what do you say to americans who are fearful that the cost of shutdowns, the impact on the economy, the higher rates of hunger, depression, domestic and substance abuse, outweighs the risk of exposure to the virus?",2020-10-22,2020,2020_October_22_2020,appeal to emotion
Joe Biden,"what i would say is im going to shut down the virus, not the country. its his ineptitude that caused the country to have to shut down in large part  why businesses have gone under, why schools are closed, why so many people have lost their living and why theyre concerned. those other concerns are real. thats why he should have been  instead of in a sand trap at his golf course  he should have been negotiating with nancy pelosi and the rest of the democrats and republicans about what to do about the acts they were passing for billions of dollars to make sure people had the capacity.",2020-10-22,2020,2020_October_22_2020,appeal to emotion
Welker,well you havent ruled out more shutdowns.,2020-10-22,2020,2020_October_22_2020,false dilemma
Joe Biden,"oh no, im not shutting down the nation but there are, look, they need standards. the standard is, if you have a reproduction rate in a community thats above a certain level, everybody says, slow up. more social distancing. do not open bars and do not open gymnasiums. do not open until you get this under control, under more control. but when you do open, give the people the capacity to be able to open and have the capacity to do it safely. for example schools  schools, they need a lot of money to open. they need to deal with ventilation systems, they need to deal with smaller classes, more teachers, more pods, and hes refused to support that money, or at least up to now.",2020-10-22,2020,2020_October_22_2020,appeal to emotion
Welker,lets talk about schools. president trump,2020-10-22,2020,2020_October_22_2020,None
Donald Trump,"well, i think we have to respond, if i might.",2020-10-22,2020,2020_October_22_2020,None
Welker,"please, and then i have a follow up.",2020-10-22,2020,2020_October_22_2020,None
Donald Trump,"thank you, and i appreciate that. look, all he does is talk about shutdowns but forget about him. his democrat governors  cuomo in new york, you look at whats going on in california, you look at pennsylvania, north carolina, democrats, democrats all  they are shut down so tight, and theyre dying. theyre dying. and he supports all these people. all he talks about is shutdowns. no, were not going to shut down, and we have to open our schools. and its like, as an example, i have a young son. he also tested positive. by the time i spoke to the doctor, the second time, he was fine, it just went away. young people, i guess its their immune system.",2020-10-22,2020,2020_October_22_2020,appeal to emotion
Welker,"let me follow up with you, president trump. youve demanded schools open in person and insisted they can do it safely. but just yesterday, boston became the latest city to move its public school system entirely online after a coronavirus spike. what is your message to parents who worry that sending their children to school will endanger not only their kids, but also their teachers and families?",2020-10-22,2020,2020_October_22_2020,None
Donald Trump,"i want to open the schools. the transmittal rate to the teachers is very small, but i want to open the schools. we have to open our country. were not going to have a country. you cant do this, we cant keep this country closed. it is a massive country with a massive economy. people are losing their jobs, theyre committing suicide. theres depression, alcohol, drugs at a level that nobodys ever seen before. theres abuse, tremendous abuse. we have to open our country. you know ive said it often  the cure cannot be worse than the problem itself, and thats whats happening, and he wants to close down. hell close down the country if one person in our, in our massive bureaucracy says we should close it down.",2020-10-22,2020,2020_October_22_2020,appeal to emotion
Welker,"vice president biden, your response.",2020-10-22,2020,2020_October_22_2020,None
Joe Biden,"simply not true. were gonna be able to walk and chew gum at the same time. we ought to be able to safely open, but they need resources to open. you need to be able to, for example, if youre gonna open a business, have social distancing within the business. you need to have, if you have a restaurant, you need to have plexiglass dividers so people cannot infect one another. you need to be in a position where you can take testing rapidly and know whether a person is, in fact, infected. you need to be able to trace. you need to be able to provide all the resources that are needed to do this and that is not inconsistent with saying that were going to make sure that we open safely. and by the way, all you teachers out there  not that many of you are going to die, so dont worry about it. dont worry about it. come on.",2020-10-22,2020,2020_October_22_2020,None
Welker,"president trump, let me follow up with you quickly.",2020-10-22,2020,2020_October_22_2020,None
Donald Trump,"by the way, i will say this, if you go and look at whats happened to new york, its a ghost town. its a ghost town. and when you talk about plexiglass  these are restaurants that are dying. these are businesses with no money. putting up plexiglass is unbelievably expensive, and its not the answer. i mean, youre going to sit there in a cubicle wrapped around with plastic? these are businesses that are dying, joe, you cant do that to people, you just cant. take a look at new york and whats happened to my wonderful city. for so many years, i loved it. it was vibrant. its dying. everyones leaving new york.",2020-10-22,2020,2020_October_22_2020,appeal to emotion
Welker,vice president biden.,2020-10-22,2020,2020_October_22_2020,None
Joe Biden,"take a look at what new york has done in terms of turning the curve down, in terms of the number of people dying. and i dont look at this in terms of the way he does, blue states and red states. theyre all the united states. and look at the states that are having such a spike in the coronavirus. theyre the red states. they are the states in the midwest, they are the states in the upper midwest, thats where the spike is occurring significantly, but theyre all americans. theyre all americans and what we have to do is say, wear these masks, number one, make sure we get the help that the businesses need. the moneys already been passed to do that. its been out there since the beginning of the summer and nothings happened.",2020-10-22,2020,2020_October_22_2020,appeal to emotion
Donald Trump,"kristen, new york has lost more than 40,000 people. 11,000 people in nursing homes.",2020-10-22,2020,2020_October_22_2020,fallacy of relevance
Welker,"president trump, what about",2020-10-22,2020,2020_October_22_2020,None
Donald Trump,"when you say spike, take a look at whats happening in pennsylvania, where theyve had it closed. take a look at whats happening with your friend in michigan, where her husbands the only one allowed to do anything. its been like a prison. now it was just ruled unconstitutional. take a look at north carolina. theyre having spikes and theyve been closed, and theyre getting killed financially. we cant let that happen, joe, you cant let that happen. we have to open up and we understand the disease, we have to protect our seniors, we have to protect our elderly, we have to protect, especially, our seniors with heart problems and diabetes problems, and we will protect them. we have the best testing in the world by far. thats why we have so many cases.",2020-10-22,2020,2020_October_22_2020,ad hominem
Welker,"let me follow up with you before we move on to our next section. president trump, this week you called dr. anthony fauci, the nations best known infectious disease expert, a disaster. you described him and other medical experts as idiots. if youre not listening to them, who are you listening to?",2020-10-22,2020,2020_October_22_2020,false dilemma
Donald Trump,"im listening to all of them, including anthony. i get along very well with anthony. but he did say, dont wear masks. he did say, as you know, this is not going to be a problem. i think hes a democrat, but thats okay. he said, this is not going to be a problem. we are not going to have a problem at all. when joe says that, i said  anthony fauci said and others and many others. and im not knocking him. nobody knew. look, nobody knew what this thing was, nobody knew where it was coming from, what it was. weve learned a lot, but anthony said, dont wear masks. now he wants to wear masks. anthony also said, if you look back, exact words, heres his exact words this is no problem, this is going to go away soon. so hes allowed to make mistakes, he happens to be a good person.",2020-10-22,2020,2020_October_22_2020,fallacy of relevance
Welker,"vice president biden, your response, quickly and then were going to move on to the next section.",2020-10-22,2020,2020_October_22_2020,None
Joe Biden,"my response is that, think about what the president knew in january and didnt tell the american people. he was told this was a serious virus that spread in the air, and it was much worse than  much worse  than the flu. he went on record and said to one of your colleagues, recorded, that in fact he knew how dangerous it was but he didnt want to tell us, didnt want to tell us because he didnt want us to panic. he didnt want us  americans dont panic. he panicked. but, guess what, in the meantime, we find out in the new york times the other day that in fact, his folks went to wall street and said, this is a really dangerous thing, and a memo out of that meeting  not from his administration, but from some of the brokers  said, sell short, because we gotta get moving. its a dangerous problem.",2020-10-22,2020,2020_October_22_2020,appeal to emotion
Donald Trump,well this is,2020-10-22,2020,2020_October_22_2020,None
Welker,im going to give you 30 seconds to respond and then were gonna move on.,2020-10-22,2020,2020_October_22_2020,None
Donald Trump,"i dont know, somebody went to wall street. youre the one that takes all the money from wall street. i dont take it. you have raised a lot of money, tremendous amounts of money. and every time you raise money, deals are made, joe. i could raise so much more money. as president and as somebody that knows most of those people, i could call the heads of wall street, the heads of every company in america, i would blow away every record. but i dont want to do that because it puts me in a bad position. and then you bring up wall street? you shouldnt be bringing up wall street. because youre the one that takes the money from wall street, not me. i could blow away your records like you wouldnt believe. we dont need money. we have plenty of money. in fact, we beat hillary clinton with a tiny fraction of the money that she was able to get. dont tell me about wall street.",2020-10-22,2020,2020_October_22_2020,fallacy of relevance
Welker,"all right, gentlemen, were gonna move on.",2020-10-22,2020,2020_October_22_2020,None
Joe Biden,"average contribution, 43.",2020-10-22,2020,2020_October_22_2020,None
Welker,"all right, were gonna move on to our next section which is national security. and i do want to start with the security of our elections and some breaking news from overnight. just last night, top intelligence officials confirmed again that both russia and iran are working to influence this election. both countries have obtained u.s. voter registration information, these officials say, and iran sent intimidating messages to florida voters. this question goes to you, mr. vice president, what would you do to put an end to this threat? you have two minutes, uninterrupted.",2020-10-22,2020,2020_October_22_2020,fallacy of relevance
Joe Biden,"i made it clear. and i asked everyone else to take the pledge. i made it clear that any country, no matter who it is, that interferes in american elections will pay a price. they will pay a price. it has been overwhelmingly clear in this election  i wont even get into the last one  this election, that russia has been involved. china has been involved to some degree, and now we learned that, that iran is involved. they will pay a price if im elected. theyre interfering with american sovereignty. thats whats going on right now. theyre interfering with american sovereignty. and to the best of my knowledge, i dont think the president has said anything to putin about it. i dont think hes talking to him a lot. i dont think hes said a word. i dont know why he hasnt said a word to putin about it. and i dont know what he has recently said, if anything, to the iranians. my guess is hed probably be more outspoken with regard to the iranians. but the point is this, folks. we are in a situation where we have foreign countries trying to interfere in the outcome of our election. his own national security advisor told him that what is happening with his buddy  well, i wont, i shouldnt  i will  his buddy rudy giuliani. hes being used as a russian pawn. hes being fed information that is russian, that is not true. and then what happens? nothing happens. and then you find out that everything is going on here about russia is wanting to make sure that i do not get elected the next president of the united states because they know i know them, and they know me. i dont understand why this president is unwilling to take on putin when hes actually paying bounties to kill american soldiers in afghanistan, when hes engaged in activities that are trying to destabilize all of nato. i dont know why he doesnt do it but its worth asking the question. why isnt that being done? any country that interferes with us will, in fact, pay a price because theyre affecting our sovereignty.",2020-10-22,2020,2020_October_22_2020,fallacy of relevance
Welker,"president trump, same question to you. let me, let me ask the question. youre gonna have two minutes to respond for two elections in a row now there has been substantial interference from foreign adversaries. what would you do in your next term to put an end to this? two minutes, uninterrupted.",2020-10-22,2020,2020_October_22_2020,None
Donald Trump,"well, let me respond to the first part, as joe answered. joe got three and a half million dollars from russia. and it came through putin, because he was very friendly with the former mayor of moscow and it was the mayor of moscows wife. you got three and a half million dollars. your family got three and a half million dollars and you know someday, youre gonna have to explain  why did you get three and a half? i never got any money from russia. i dont get money from russia. now, about your thing last night, i knew all about that, and through john  who is john radcliffe, who is fantastic, dni  he said, the one thing thats common to both of them, they both want you to lose. because there has been nobody tougher to russia. between the sanctions, nobody tougher than me on russia. between the sanctions between all of what ive done with nato. you know, ive got the nato countries to put up an extra 130 billion, going to 420 billion a year, thats to guard against russia. i sold  while he was selling pillows and sheets  i sold tank busters to ukraine. there has been nobody tougher on russia than donald trump. and ill tell you, they were so bad. they took over the, the submarine port. you remember that very well during your term, during you and barack obama. they took over a big part of what should have been ukraine. you handed it to them. but you were getting a lot of money from russia. they were paying you a lot of money and they probably still are, but now, with what came out today, its even worse. all of the emails, the emails are horrible. the emails of the kind of money that you were raking in, you and your family. and joe, you were vice president when some of this was happening. and it should have never happened. and i think you owe an explanation to the american people. why is it, somebody just had a news conference a little while ago, who was essentially supposed to work with you and your family, but what he said was damning. and regardless of me, i think you have to clean it up and talk to the american people. maybe you can do it right now.",2020-10-22,2020,2020_October_22_2020,fallacy of relevance
Welker,"vice president biden, you may respond and then i do want to follow up on the election security.",2020-10-22,2020,2020_October_22_2020,ad hominem
Joe Biden,"i have not taken a penny from any foreign source ever in my life. we learn that this president paid 50 times the tax in china, has a secret bank account with china, does business in china, and in fact, is talking about me taking money? i have not taken a single penny from any country whatsoever, ever, number one. number two, this is a president  i have released all of my tax returns. 22 years. go look at them. 22 years of my tax returns. you have not released a single solitary year of your tax return. what are you hiding? why are you unwilling? the foreign countries are paying you a lot. russia is paying you a lot. china is paying a lot. and your hotels and all your businesses all around the country, all around the world. and chinas building a new road to a new gas a golf course you have overseas. so whats going on here? why dont you release your tax return or stop talking about corruption?",2020-10-22,2020,2020_October_22_2020,fallacy of relevance
Welker,"president trump, your response.",2020-10-22,2020,2020_October_22_2020,None
Donald Trump,"first of all, i called my accountants  under audit. im going to release them as soon as we can. i want to do it, and it will show how successful, how great this company is. but much more importantly than that, people were saying 750. i asked them a week ago, i said, what did i pay? they said, sir, you prepaid tens of millions of dollars. i prepaid my tax. tens. over the last number of years. tens of millions of dollars, i prepaid, because at some point, they think, its an estimate. they think i may have to pay tax. so, i already prepaid it. nobody told me that.",2020-10-22,2020,2020_October_22_2020,false dilemma
Welker,did your accountant tell you,2020-10-22,2020,2020_October_22_2020,ad hominem
Donald Trump,"excuse me. and it wasnt written whenever they write this. they keep talking about 750, which i think is a filing fee. but let me just tell you, i prepaid millions and millions of dollars in taxes, number one. number two, i dont make money from china, you do. i dont make money from ukraine, you do. i dont make money from russia. you made three and a half million dollars, joe, and your son gave you. they even have a statement that we have to give 10 to the big man. youre the big man, i think. i dont know, maybe youre not. but youre the big man, i think. your son said we have to give 10 to the big man. joe, whats that all about? its terrible.",2020-10-22,2020,2020_October_22_2020,ad hominem
Welker,"alright, gentlemen, i want to ask you both some questions about all of this. im gonna let you both respond, very quickly. you just said you spoke to your accountant about potentially releasing your taxes. did he tell you when you can release them? do you have a deadline for when youre going to release them to the american people?",2020-10-22,2020,2020_October_22_2020,None
Donald Trump,"i get treated worse than the tea party got treated. a lot of people in there, deep down in the irs, they treat me horribly. we made a deal, it was all settled, until i decided to run for president. i get treated very badly by the irs, very unfairly, but we had a deal all done. as soon as were completed with the deal, i want to release it. but i have paid millions and millions of dollars. and its worse than paying. i paid in advance. its called prepaying your taxes.",2020-10-22,2020,2020_October_22_2020,fallacy of relevance
Welker,i want to ask you both about questions regarding your potential foreign entanglements and questions that have been raised to give you both a chance to talk about this more broadly.,2020-10-22,2020,2020_October_22_2020,fallacy of relevance
Joe Biden,at some point i want to respond.,2020-10-22,2020,2020_October_22_2020,None
Welker,"respond very quickly, and then ill get to my question.",2020-10-22,2020,2020_October_22_2020,None
Joe Biden,"why do he  hes been saying this for four years. show us. just show us. stop playing around. youve been saying for four years youre going to release your taxes. nobody knows, mr. president, what they do know is youre not paying your taxes or youre paying taxes that are so low. when last time he said what he paid, he said, i only pay that little because im smart. i know how to game the system. come on, come on, folks.",2020-10-22,2020,2020_October_22_2020,appeal to emotion
Welker,"quickly, president trump, and then i want to get to two questions to both of you.",2020-10-22,2020,2020_October_22_2020,None
Donald Trump,"i was put through a phony witch hunt for three years. it started before i even got elected. they spied on my campaign. no president should ever have to go through what i went through. let me just say this. mueller and 18 angry democrats, and fbi agents all over the place spent 48 million. they went through everything i had, including my tax returns, and they found absolutely no collusion and nothing wrong. 48 million. i guarantee you, if i spent 1 million on you joe, i could find plenty wrong, because the kind of things that youve done and the kind of monies that your family has taken  i mean, your brother made money in iraq, millions of dollars. your other brother made a fortune, and its all through you, joe. and they say you get some of it. and you do live very well. you have houses all over the place. you live very well.",2020-10-22,2020,2020_October_22_2020,ad hominem
Welker,"all right, gentlemen, let me just ask some questions about all of this broadly. vice president biden, there have been questions about the work your son has done in china, and for a ukrainian energy company when you were vice president. in retrospect, was anything about those relationships inappropriate or unethical?",2020-10-22,2020,2020_October_22_2020,fallacy of relevance
Joe Biden,"nothing was unethical. heres what the deal. with regard to ukraine, we had this whole question about whether or not, because he was on the board, i later learned, of burisma, a company, that somehow i had done something wrong. yet every single solitary person, when he was going through his impeachment, testifying under oath who worked for him, said i did my job impeccably. i carried out us policy. not one, single, solitary thing was out of line. not a single thing, number one. number two, the guy who got in trouble in ukraine was this guy, trying to bribe the ukrainian government to say something negative about me, which they would not do, and did not do, because it never, ever, ever happened. my son has not made money in terms of this thing about  what are you talking about  china. i have not had it. the only guy that made money from china is this guy. hes the only one. nobody else has made money from china.",2020-10-22,2020,2020_October_22_2020,fallacy of relevance
Welker,"president trump, let me ask my question to you.",2020-10-22,2020,2020_October_22_2020,None
Donald Trump,could i just  one thing.,2020-10-22,2020,2020_October_22_2020,None
Welker,very quickly.,2020-10-22,2020,2020_October_22_2020,None
Donald Trump,"his son didnt have a job for a long time, was sadly no longer in the military service, i wont get into that. and he didnt have a job. as soon as he became vice president, burisma  not the best, not the best reputation in the world  i hear they paid him 183,000 a month. listen to this, 183, and they gave him a 3 million upfront payment, and he had no energy experience. thats 100 dishonest.",2020-10-22,2020,2020_October_22_2020,fallacy of relevance
Welker,im going to let the vice president respond to that quickly and then i have a question for you.,2020-10-22,2020,2020_October_22_2020,None
Joe Biden,"no basis for that. everybody investigated that, no one said anything he did was wrong in ukraine.",2020-10-22,2020,2020_October_22_2020,false dilemma
Welker,"ok, president trump, this is for you. since you took office, youve never divested from your business. youve personally promoted your properties abroad. a report this week, which was referenced, does indicate that your company has a bank account in china. so how can voters know that you dont have any foreign conflicts of interest?",2020-10-22,2020,2020_October_22_2020,false dilemma
Donald Trump,"i have many bank accounts and theyre all listed and theyre all over the place. i mean, i was a businessman doing business. the bank account youre referring to  which is, everybody knows about it, its listed  the bank account was in 2013. thats what it was. it was opened. it was closed in 2015, i believe, and then i decided, because i was going to do, i was thinking about doing a deal in china, like millions of other people, i was thinking about it. and i decided im not going to do it, didnt like it, i decided not to do it, had an account open and i closed it.",2020-10-22,2020,2020_October_22_2020,fallacy of relevance
Donald Trump,"excuse me, and then unlike him, where hes vice president, and he does business, i then decided to run for president after that. that was before. so i closed it before i even ran for president, let alone became president, big difference. he is the vice president of the united states, and his son, his brother and his other brother are getting rich, theyre like a vacuum cleaner, theres something",2020-10-22,2020,2020_October_22_2020,false dilemma
Welker,"okay, president trump, thank you. we do need to move on. i do want to ask you, vice president biden, about china. lets talk about china more broadly. there have, of course, president trump has said that they should pay for not being fully transparent in regards to the coronavirus. if you were president, would you make china pay and please be specific, what would that look like?",2020-10-22,2020,2020_October_22_2020,fallacy of relevance
Joe Biden,"what id make china do is play by the international rules, not like he has done. he has caused the deficit in china to go up not down  with china, up not down. we are making sure that in order to do business in china, you have to give all your intellectual property. you have to gethave a partner in china, it is 51. we would not do that at all, number one. number two, were in a situation where china would have to play by the rules internationally as well. when i met with xi, and when i was still vice president, he said were setting up air identification zones in the south china sea, you cant fly through them. i said, were gonna fly through them. we just flew b52b1 bombers through it. were not going to pay attention. they have to play by the rules, and whats he do? he embraces guys like the thugs like in north korea, and, and, and the chinese president and putin and others, and he pokes his finger in the eye of all our friends, all of our allies. we make up only  were 25. 25 of the worlds economy. we need to be having the rest of our friends with us, saying to china, these are the rules. you play by them or youre going to pay the price for not playing by them, economically. thats the way i will run it. and thats what we did and upholding steel tariffs and a range of other things when we were president and vice president.",2020-10-22,2020,2020_October_22_2020,ad hominem
Welker,"all right, lets talk about north korea.",2020-10-22,2020,2020_October_22_2020,None
Donald Trump,"excuse me, no, i have to respond to this.",2020-10-22,2020,2020_October_22_2020,None
Welker,"ok, very quickly and then were gonna move on to north korea",2020-10-22,2020,2020_October_22_2020,None
Donald Trump,his son walked out with a billion and a half dollars from china,2020-10-22,2020,2020_October_22_2020,false dilemma
Donald Trump,"after spending 10 minutes in office and being in air force two, number one. number two, theres a very strong email, talking about your family wanting to make 10 million a year for introductions.",2020-10-22,2020,2020_October_22_2020,ad hominem
Joe Biden,that is not true.,2020-10-22,2020,2020_October_22_2020,None
Welker,"president trump, on china policy, though. what are you gonna do? what specifically are you going to do to make china pay? youve said youre going to make them pay.",2020-10-22,2020,2020_October_22_2020,false dilemma
Donald Trump,"first of all, china is paying. theyre paying billions and billions of dollars. i just gave 28 billion.",2020-10-22,2020,2020_October_22_2020,false dilemma
Welker,new sanctions?,2020-10-22,2020,2020_October_22_2020,None
Donald Trump,i just gave 28 billion to our farmers.,2020-10-22,2020,2020_October_22_2020,None
Joe Biden,taxpayers money.,2020-10-22,2020,2020_October_22_2020,None
Donald Trump,its what?,2020-10-22,2020,2020_October_22_2020,None
Joe Biden,taxpayers money.,2020-10-22,2020,2020_October_22_2020,None
Donald Trump,"no, you know who the taxpayer is. its called china.",2020-10-22,2020,2020_October_22_2020,false dilemma
Donald Trump,"china paid 28 billion and you know what they did to pay it, joe? they devalued their currency and they also paid up, and you know who got the money? our farmers. our great farmers, because they were targeted. you never charge them anything. also, i charged them 25 on dumped steel, because they were killing our steel industry. we were not going to have a steel industry, and now we have a steel industry.",2020-10-22,2020,2020_October_22_2020,false dilemma
Welker,"ok, vice president biden, your response, please?",2020-10-22,2020,2020_October_22_2020,None
Joe Biden,"my response is look, this isnt about  theres a reason why hes bringing up all this malarkey. theres a reason for it. he doesnt want to talk about the substantive issues. its not about his family and my family. its about your family, and your familys hurting badly. if youre making less than, if youre a middle class family, youre getting hurt badly right now. youre sitting at the kitchen table this morning deciding, well, we cant get new tires, theyre bald, because we have to wait another month or so. or are we going to be able to pay the mortgage? whos going to tell her, she cant go back to community college? theyre the decisions youre making in the middle class families like i grew up in scranton and claymont. theyre in trouble. we should be talking about your families but thats the last thing he wants to talk about.",2020-10-22,2020,2020_October_22_2020,false dilemma
Welker,i want to talk about north korea,2020-10-22,2020,2020_October_22_2020,None
Donald Trump,"that is a typical statement. excuse me, just for one second, please.",2020-10-22,2020,2020_October_22_2020,None
Welker,"10 seconds, mr. president, 10 seconds.",2020-10-22,2020,2020_October_22_2020,None
Donald Trump,"thats a typical political statement. lets get off this china thing, and then he looks  the family, around the table, everything. just a typical politician when i see that.",2020-10-22,2020,2020_October_22_2020,ad hominem
Welker,"alright, lets talk",2020-10-22,2020,2020_October_22_2020,None
Donald Trump,"im not a typical politician, thats why i got elected.",2020-10-22,2020,2020_October_22_2020,false dilemma
Welker,lets talk about,2020-10-22,2020,2020_October_22_2020,None
Donald Trump,"lets get off the subject of china, lets talk around sitting around the table. come on, joe, you can do better.",2020-10-22,2020,2020_October_22_2020,ad hominem
Welker,"were gonna talk about north korea now. president trump, youve met with north korean leader kim jong un three times. youve talked about your beautiful letters with him, youve touted the fact that there hasnt been a war or a long range missile test, and yet north korea recently rolled out its biggest ever intercontinental ballistic missile and continues to develop its nuclear arsenal. do you see that as a betrayal of the relationship you forged? just 30 seconds here because we need to get on to the next topic.",2020-10-22,2020,2020_October_22_2020,false dilemma
Donald Trump,"so, when i met with barack obama, we sat in the white house, right at the beginning had a great conversation, was supposed to be 15 minutes and it was well over an hour. he said the biggest problem we have is north korea. he indicated we will be in a war with north korea. guess what, it would be a nuclear war, and he does have plenty of nuclear capability. in the meantime, i have a very good relationship with him, different kind of a guy but he probably thinks the same thing about me. we have a different kind of a relationship. we have a very good relationship, and theres no war. and you know, about two months ago, he broke into a certain area. they said, oh theres going to be trouble. i said, no, theyre not. because hes not going to do that. and i was right. look, instead of being in a war where millions of people  seoul, you know, is 25 miles away, millions and millions, 32 million people in seoul  millions of people would be dead right now. we dont have a war, and i have a good relationship.",2020-10-22,2020,2020_October_22_2020,false dilemma
Welker,"vice president biden to you, north korea conducted four nuclear tests under the obama administration. why do you think you would be able to rein in this persistent threat?",2020-10-22,2020,2020_October_22_2020,false dilemma
Joe Biden,"because id make it clear, which we were making clear to china, they had to be part of the deal, because heres the root. i made it clear, as a spokesperson for the administration when i went to china, that they said, why are you moving your missile defense up so close? why are you moving more forces here? why are you continuing to do military maneuvers with south korea? i said, because north korea is a problem. and were going to continue to do it so we can control them. were going to make sure we can control them and make sure they cannot hurt us. and so if you want to do something about it, step up and help. if not, its going to continue. what has he done? hes legitimized north korea, hes talked about his good buddy whos a thug, a thug, and he talks about how were better off, and they have much more capable missiles, able to reach u.s. territory, much more easily than ever did before.",2020-10-22,2020,2020_October_22_2020,ad hominem
Welker,"let me follow up with you, vice president biden, youve said you wouldnt meet with kim jong un without preconditions. are there any conditions under which you would meet with him?",2020-10-22,2020,2020_October_22_2020,false dilemma
Joe Biden,on the condition that he would agree that he would be drawing down his nuclear capacity to get  the korean peninsula should be a nuclear free zone.,2020-10-22,2020,2020_October_22_2020,false dilemma
Welker,"alright, lets move on to american families.",2020-10-22,2020,2020_October_22_2020,None
Donald Trump,"kristen, they tried to meet with him.",2020-10-22,2020,2020_October_22_2020,None
Welker,"very quickly. 10 seconds, president trump.",2020-10-22,2020,2020_October_22_2020,None
Donald Trump,"they tried to meet with him, he wouldnt do it. he didnt like obama. he didnt like him. he wouldnt do it.",2020-10-22,2020,2020_October_22_2020,fallacy of relevance
Welker,"ok, ive got to give him a chance to respond.",2020-10-22,2020,2020_October_22_2020,None
Donald Trump,"they tried, he wouldnt do it. and thats okay. you know what, north korea, were not in a war. we have a good relationship. you know, people dont understand  having a good relationship with leaders of other countries is a good thing.",2020-10-22,2020,2020_October_22_2020,fallacy of relevance
Welker,"president trump, we have to move on. we have a lot of questions to get through.",2020-10-22,2020,2020_October_22_2020,ad hominem
Joe Biden,"we had a good relationship with hitler before he in fact invaded europe, the rest of europe. come on. the reason he would not meet with president obama is because president obama said were gonna talk about denuclearization, were not gonna legitimize you, were gonna continue to put stronger and stronger sanctions on you. thats why he wouldnt meet with us.",2020-10-22,2020,2020_October_22_2020,false dilemma
Donald Trump,and it didnt happen.,2020-10-22,2020,2020_October_22_2020,None
Welker,lets move on and talk about american families.,2020-10-22,2020,2020_October_22_2020,None
Donald Trump,"excuse me, he left me a mess, kristen. they left me a mess. north korea was a mess.",2020-10-22,2020,2020_October_22_2020,fallacy of relevance
Welker,"we need to move on so that we have time to get to all our questions tonight, president trump.",2020-10-22,2020,2020_October_22_2020,false dilemma
Donald Trump,"remember the first two or three months. there was a very dangerous period in my first three months, before we sort of worked things out a little bit. they left us a mess, and obama would be  i think, the first to say  it was the single biggest problem, he thought, that our country had.",2020-10-22,2020,2020_October_22_2020,fallacy of relevance
Welker,"okay, lets move on to american families and the economy. one of the issues thats most important to them is health care, as you both know. today, there was a key vote on a new supreme court justice amy coney barrett, and healthcare is at the center of her confirmation fight. over 20 million americans get their health insurance through the affordable care act. its headed to the supreme court, and your administration, mr. president, is advocating for the court to overturn it. if the supreme court does overturn that law, those 20 million americans could lose their health insurance almost overnight. so what would you do if those people have their health insurance taken away? you have two minutes uninterrupted.",2020-10-22,2020,2020_October_22_2020,fallacy of relevance
Donald Trump,"first of all, ive already done something that nobody thought was possible. through the legislature, i terminated the individual mandate. that is the worst part of obamacare, as we call it. the individual mandate  where you have to pay a fortune for the privilege of not having to pay for bad health insurance. i terminated it its gone. now its in court, because obamacare is no good. but then i made a decision, run it as well as you can  to my people, great people  run it as well as you can. i could have gone the other route and made everybody very unhappy. they ran it. premiums are down, everythings down. heres the problem. no matter how well you run it, its no good. what wed like to do is terminate it. we have the individual mandate done. i dont know that its going to work. if we dont win, we will have to run it and well have obamacare, but it will be better run. but it no longer is obamacare. because without the individual mandate, its much different. preexisting conditions will always stay. what i would like to do is a much better health care, much better. well always protect people with preexisting  so id like to terminate obamacare, come up with a brand new beautiful health care. the democrats will do it because therell be tremendous pressure on them. and we might even have the house by that time. and i think were going to win the house, okay? youll see, but i think were gonna win the house. but come up with a better health care, always protecting people with preexisting conditions  and one thing very important. we have 180 million people out there that have great private health care, far more than were talking about with obamacare. joe biden is going to terminate all of those policies. these are people that love their health care, people that have been successful  middle income people  been successful. they have 180 million plans, 180 million people, families under what he wants to do, which will basically be socialized medicine. he wont even have a choice. they want to terminate 180 million plans. we have done an incredible job on health care. and were going to do even better.",2020-10-22,2020,2020_October_22_2020,fallacy of relevance
Welker,"ok. vice president biden, yes, this is for you. your health care plan calls for building on obamacare. so my question is, what is your plan if the law is ruled unconstitutional by the supreme court? you have two minutes uninterrupted.",2020-10-22,2020,2020_October_22_2020,false dilemma
Joe Biden,"what im going to do is pass obamacare with a public option  become bidencare. public option is an option that says that if you, in fact, do not have the wherewithal to be  if you qualify for medicaid, and you do not have the wherewithal in your state to get medicaid, you automatically are enrolled, providing competition for insurance companies. thats whats going to happen. secondly, were going to make sure we reduce the premiums and reduce drug prices by making sure that theres competition that doesnt exist now by allowing medicare to negotiate drug prices with the insurance companies. thirdly, the idea that i want to eliminate private insurance  the reason why i had such a fight for, with 20 candidates for the nomination, was i support private insurance. thats why i did not  not one single person, private insurance, would lose their insurance under my plan, nor did they under obamacare. they did not lose their insurance, unless they chose they wanted to go to something else. lastly, were going to make sure were in a situation that we actually protect preexisting  theres no way he can protect preexisting conditions. none, zero, you cant do it in the ether. hes been talking about this for a long time. there is no  hes never come up with a plan. i guess were gonna get the preexisting condition plan the same time we get the infrastructure plan that we waited since 17, 18, 19, 20. the fact  i still have a little, a few more minutes, i know youre getting anxious  the fact is that hes already cost the american people because of his terrible handling of the covid virus and economic spillover. 10 million people have lost their private insurance, and he wants to take away 22 million more people who have been under obamacare, and over 110 million people with preexisting conditions. and all the people from covid are going to have preexisting conditions. what are they gonna do?",2020-10-22,2020,2020_October_22_2020,ad hominem
Welker,"i have a follow up for you, vice president biden, it relates to something that president trump said. hes accusing you of wanting socialized medicine. what do you say to people who have concerns that your health care plan, which includes a government insurance option, takes the country one step closer to a health care system run entirely by the government? whats your response to that?",2020-10-22,2020,2020_October_22_2020,false dilemma
Joe Biden,"i say, its ridiculous. its like saying that, you know, were the idea that, the fact that theres a public option that people can choose, that makes it a socialist plan? look, the difference between the president  i think health care is not a privilege, its a right. everyone should have the right to have affordable health care. and i am very proud of my plan. its gotten endorsed by all the major labor unions as well as, as well as a whole range of other people who in fact, are concerned in the medical field. this is something thats going to save peoples lives. and this is going to give some people an opportunity, an opportunity to have health care for their children, how many of you home are worried and rolling around in bed at night wondering what in gods name are you going to do if you get sick? because youve lost your home insurance, your health insurance, your companys gone under. we have to provide health insurance for people at an affordable rate, and thats what id do.",2020-10-22,2020,2020_October_22_2020,fallacy of relevance
Welker,"president trump, your response.",2020-10-22,2020,2020_October_22_2020,ad hominem
Donald Trump,"excuse me, he was there for 47 years  he didnt do it. he was now there as vice president for eight years. and its not like it was 25 years ago, it was three and three quarters. it was just a little while ago, right? less than four years ago. he didnt do anything. he didnt do it. he wants socialized medicine. and its not that he wants it, his vice president  i mean, she is more liberal than bernie sanders and wants it even more. bernie sanders wants it, the democrats want it. youre going to have socialized medicine. just like you went on with fracking  were not going to have fracking, were going to stop fracking, were going to stop fracking. then he goes to pennsylvania after he gets the nomination  where he got very lucky to get it. and he goes to pennsylvania, and he says, oh, were gonna have fracking. and you never asked that question. and by the way, so far, i respect very much the way youre handling this, i have to say. but somebody should ask the question. he goes for a year",2020-10-22,2020,2020_October_22_2020,ad hominem
Welker,we do have a number of  we have a number of topics,2020-10-22,2020,2020_October_22_2020,None
Donald Trump,"no, no, but thats a big question",2020-10-22,2020,2020_October_22_2020,None
Welker,were gonna get to it,2020-10-22,2020,2020_October_22_2020,None
Donald Trump,its the same thing with socialized medicine.,2020-10-22,2020,2020_October_22_2020,false dilemma
Welker,"vice president, your response please.",2020-10-22,2020,2020_October_22_2020,None
Joe Biden,"my response is people deserve to have affordable health care  period. period, period, period. and the bidencare proposal will, in fact, provide for that affordable health care, lower premiums. what were going to do is going to cost some money its going to cost over 750 billion over 10 years to do it. and theyre going to have lower premiums, you can buy into the better plans, the cheaper plans, lower your premiums, deal with unexpected billing, and have your drug prices drop significantly. he keeps talking about it. he hasnt done a thing for anybody on health care, not a thing.",2020-10-22,2020,2020_October_22_2020,None
Donald Trump,"kristen, when he says",2020-10-22,2020,2020_October_22_2020,None
Welker,"very quickly, then i want to talk about whats happening on capitol hill.",2020-10-22,2020,2020_October_22_2020,None
Donald Trump,"when he says public option, he is talking about socialized medicine and health care. when he talks about a public option, hes talking about destroying your medicare, totally destroying  and destroying your social security. and this whole country will come down. you know, bernie sanders tried it in his state. he tried it in his state. his governor was a very liberal governor, they wanted to make it work",2020-10-22,2020,2020_October_22_2020,false dilemma
Welker,lets see if,2020-10-22,2020,2020_October_22_2020,None
Donald Trump,"it was impossible to work, it doesnt work",2020-10-22,2020,2020_October_22_2020,false dilemma
Welker,"vice president biden, your response.",2020-10-22,2020,2020_October_22_2020,None
Joe Biden,"hes a very confused guy, he thinks hes running against somebody else. hes running against joe biden. i beat all those other people because i disagreed with them. joe biden, hes running against. and the idea that were in a situation and are going to destroy medicare  this is the guy that the actuary of medicare said, if in fact  and, social security  if, in fact, he continues to withhold his plan to withhold the tax on social security, social security will be bankrupt by 2023, with no way to make up for it. this is a guy whos tried to cut medicare. so i dont know. i mean, the idea that donald trump is lecturing me on social security and medicare? come on.",2020-10-22,2020,2020_October_22_2020,fallacy of relevance
Donald Trump,he tried to get rid of,2020-10-22,2020,2020_October_22_2020,false dilemma
Welker,"ten seconds, mr. president, then i have to go to another question",2020-10-22,2020,2020_October_22_2020,None
Donald Trump,"he tried to hurt social security years ago, years ago. go back and look at the records. he tried to hurt social security years ago. one thing",2020-10-22,2020,2020_October_22_2020,false dilemma
Welker,"alright, lets move on. mr. president i have to move on to the next question.",2020-10-22,2020,2020_October_22_2020,None
Donald Trump,"they say the stock market will boom if im elected. if hes elected, the stock market will crash.",2020-10-22,2020,2020_October_22_2020,false dilemma
Welker,"ok, lets move on to the next question.",2020-10-22,2020,2020_October_22_2020,None
Joe Biden,may i respond?,2020-10-22,2020,2020_October_22_2020,None
Welker,very quickly.,2020-10-22,2020,2020_October_22_2020,None
Joe Biden,"the idea that the stock market is booming is his only measure of whats happening. where i come from, in scranton and claymont, the people dont live off of the stock market. just in the last three, three years during this crisis, the billionaires in this country made, according to the wall street, 700 billion more dollars. 700 billion more dollars. because thats his only measure. what happens to the ordinary people out there? what happens to them?",2020-10-22,2020,2020_October_22_2020,fallacy of relevance
Donald Trump,401ks are through the roof. peoples stock are through the roof,2020-10-22,2020,2020_October_22_2020,false dilemma
Welker,were going to move on.,2020-10-22,2020,2020_October_22_2020,None
Donald Trump,"and he doesnt come from scranton. thats like, what  he lived there for a short period of time before he even knew",2020-10-22,2020,2020_October_22_2020,ad hominem
Welker,were gonna move on,2020-10-22,2020,2020_October_22_2020,None
Donald Trump,and he left. and the people of pennsylvania will show you that.,2020-10-22,2020,2020_October_22_2020,fallacy of relevance
Welker,"to my next question, gentlemen. as of tonight, more than 12 million people are out of work. and as of tonight, 8 million more americans have fallen into poverty, and more families are going hungry every day. those hit hardest are women and people of color. they see washington fighting over a relief bill. mr. president, why havent you been able to get them the help they need? 30 seconds here.",2020-10-22,2020,2020_October_22_2020,appeal to emotion
Donald Trump,because nancy pelosi doesnt want to approve it. i do.,2020-10-22,2020,2020_October_22_2020,false dilemma
Welker,but youre the president.,2020-10-22,2020,2020_October_22_2020,ad hominem
Donald Trump,"i do. but i still have to get, unfortunately  thats one of the reasons i think were going to take over the house, because of her. nancy pelosi doesnt want to approve anything. because shed love to have some victories on a date called november 3rd. nancy pelosi does not want to approve it. we are ready, willing and able to do something. dont forget, weve already approved three plans. and its gone through, including the democrats, in all fairness. this one she doesnt want. its near the election, because she thinks it helps her politically. i think it hurts her politically.",2020-10-22,2020,2020_October_22_2020,fallacy of relevance
Welker,"alright, mr. vice president",2020-10-22,2020,2020_October_22_2020,ad hominem
Joe Biden,"you know, the republican leader in the united states senate said he cant pass it  he will not be able to pass it. he does not have republican votes. why isnt he talking to his republican friends?",2020-10-22,2020,2020_October_22_2020,false dilemma
Welker,"let me follow up with you, vice president biden",2020-10-22,2020,2020_October_22_2020,None
Donald Trump,"if we made a deal, the republicans would pass it",2020-10-22,2020,2020_October_22_2020,fallacy of relevance
Welker,let me ask vice president biden a question. you are the leader of the democratic party. why have you not pushed the democrats to get a deal for the american people?,2020-10-22,2020,2020_October_22_2020,false dilemma
Joe Biden,"well, i have and they have pushed it. look, they passed this act all the way back in the beginning of the summer. this is like  its not new. its been out there. this heroes act has been sitting there. and look at whats happening. when i was in charge of the recovery act with 800 billion, i was able to get 145 billion to local communities that have to balance their budget to states that have to balance their budgets, so then they have to fire fire  they have to fire firefighters, teachers, first responders, law enforcement officers, so they could keep their cities and counties running. he will not support that. they have not done a thing for them. and mitch mcconnell said, let him go bankrupt. let him go bankrupt. come on. whats the matter with these guys.",2020-10-22,2020,2020_October_22_2020,ad hominem
Donald Trump,"the bill that was passed in the house was a bailout of badly run high crime, democrat, all run by democrats, cities and states. it was a way of getting a lot of money, billions and billions of dollars to these cities. it was also a way of getting a lot of money from our peoples pockets to people that come into our country illegally. we were going to take care of everything for them. and what that does, and id love to do that, id love to help them. but what that does, everybody all over the world will start pouring into our country. we cant do it. this was a way of taking care of them. this was a way of spending on things that had nothing to do with covid, as for your question, but it was really a big bailout for badly run democrat cities and states.",2020-10-22,2020,2020_October_22_2020,ad hominem
Joe Biden,"if i get elected, im not gonna  im running as a proud democrat, but im gonna be an american president. i dont see red states and blue states. what i see is american, united states. and folks, every single state out there finds themself in trouble. theyre going to start laying off, whether theyre red or blue. cops, firefighters, first responders, teachers  because they have to balance their budget. and the founders were smart. they allowed the federal government to deficit spend to compensate for the united states of america.",2020-10-22,2020,2020_October_22_2020,fallacy of relevance
Welker,"i want to talk about the minimum wage, gentlemen. mr. vice president, we are talking a lot about struggling small businesses and business owners these days. do you think this is the right time to ask them to raise the minimum wage? you, of course, support a 15 minimum wage.",2020-10-22,2020,2020_October_22_2020,false dilemma
Joe Biden,"i do, because i think one of the things were gonna have to do is were gonna have to bail them out, too. we should be bailing them out now, those small businesses. youve got one in six of them going under. theyre not going to be able to make it back. they passed a package that allows us to be able to call ppp, moneys supposed to go to help them do everything from organize how they could deal with their businesses being open safely. schools, how they can make classrooms smaller, how they can hire more teachers, how they can put ventilation systems in. they need the help, the businesses, as well as the schools, need the help. but this, these guys will not help them. he is not giving them any of the money.",2020-10-22,2020,2020_October_22_2020,appeal to emotion
Welker,we are going to move on to immigration,2020-10-22,2020,2020_October_22_2020,None
Donald Trump,"one thing very quickly. he said we have to help our small businesses  by raising the minimum wage? thats not helping. i think it should be a state option. alabama is different than new york, new york is different from vermont. every state is different. it should be a state option. we have to help, its very important. we have to help our small businesses",2020-10-22,2020,2020_October_22_2020,None
Welker,you said,2020-10-22,2020,2020_October_22_2020,None
Donald Trump,how are you helping your small businesses when youre forcing wages. whats going to happen and whats been proven to happen is when you do that these small businesses fire many of their employees.,2020-10-22,2020,2020_October_22_2020,ad hominem
Welker,you said very recently you would consider raising the federal minimum wage to 15 an hour,2020-10-22,2020,2020_October_22_2020,false dilemma
Welker,you said recently you would consider raising the federal minimum wage to 15 an hour. is that still the case?,2020-10-22,2020,2020_October_22_2020,None
Donald Trump,"what id really like, and i would consider it to an extent. what id really like  in a second administration  but not to a level thats going to put all these businesses out of business. it should be a state option. look, ive looked at different places, i know different places. theyre all different. some places, 15 is not so bad. in other places, other states, 15 would be",2020-10-22,2020,2020_October_22_2020,None
Welker,"ok, president trump, thank you. quick response, vice president biden.",2020-10-22,2020,2020_October_22_2020,None
Joe Biden,"no one should work two jobs, one job and be below poverty. people are making 6, 7, 8 bucks an hour. these first responders we all clap for as they come down the street, because theyve allowed us to make it. whats happening? they deserve a minimum wage of 15. anything below that puts you below the poverty level. and there is no evidence that when you raise the minimum wage, businesses go out of business. that is simply not true.",2020-10-22,2020,2020_October_22_2020,false dilemma
Welker,"were going to talk about immigration. were going to talk about immigration, now, gentlemen, and were going to talk about families within this context. mr. president, your administration separated children from their parents at the border, at least 4000 kids. youve since reversed your zero tolerance policy, but the united states cant locate the parents of more than 500 children. so how will these families ever be reunited?",2020-10-22,2020,2020_October_22_2020,false dilemma
Donald Trump,"children are brought here by coyotes and lots of bad people, cartels, and theyre brought here and they used to use them to get into our country. we now have a stronger border as weve ever had. were over 400 miles of brand new wall, you see the numbers, and we let people in, but they have to come in legally and they come in through",2020-10-22,2020,2020_October_22_2020,fallacy of relevance
Welker,but how will you reunite these kids with their families?,2020-10-22,2020,2020_October_22_2020,None
Donald Trump,"let me just tell you. they built cages. you know, they used to say i built the cages. and then they had a picture in a certain newspaper. there was a picture of these horrible cages and they said, look at these cages, president trump built them. and then it was determined they were built in 2014. that was him.",2020-10-22,2020,2020_October_22_2020,fallacy of relevance
Welker,do you have a plan to reunite the kids?,2020-10-22,2020,2020_October_22_2020,None
Donald Trump,"yes, were working on it very  were trying very hard. but a lot of these kids come out without the parents, they come over through cartels and through coyotes and through gangs.",2020-10-22,2020,2020_October_22_2020,false dilemma
Welker,"vice president biden, let me bring you into this conversation. quick response and then another question to you.",2020-10-22,2020,2020_October_22_2020,None
Joe Biden,"these 500 plus kids came with parents. they separated them at the border to make it a disincentive to come to begin with. big, real tough, were really strong. and guess what? they cannot  its not, coyotes didnt bring them over, their parents were with them. they got separated from their parents. and it makes us a laughingstock and violates every notion of who we are as a nation.",2020-10-22,2020,2020_October_22_2020,false dilemma
Welker,let me ask you a follow up,2020-10-22,2020,2020_October_22_2020,None
Donald Trump,"kristen, they did it, we changed the policy. they did it. we changed it. they set the cages. who built the cages?",2020-10-22,2020,2020_October_22_2020,ad hominem
Joe Biden,so lets talk about,2020-10-22,2020,2020_October_22_2020,None
Donald Trump,"who built the cages, joe?",2020-10-22,2020,2020_October_22_2020,None
Joe Biden,"lets talk about what were talking about. what happened? parents were ripped  their kids were ripped from their arms and separated. and now they cannot find over 500 sets of those parents and those kids are alone. nowhere to go, nowhere to go. its criminal. its criminal.",2020-10-22,2020,2020_October_22_2020,false dilemma
Welker,let me ask you,2020-10-22,2020,2020_October_22_2020,None
Donald Trump,"kristen, i will say this. they went down, we brought reporters and everything. they are so well taken care of. theyre in facilities that were so clean",2020-10-22,2020,2020_October_22_2020,false dilemma
Welker,but some of them havent been reunited,2020-10-22,2020,2020_October_22_2020,fallacy of relevance
Donald Trump,"but just ask one question. who built the cages? id love you to ask that, who built the cages?",2020-10-22,2020,2020_October_22_2020,ad hominem
Welker,"let me ask about your immigration policy, mr. vice president. the obama administration did fail to deliver immigration reform, which had been a key promise during the administration. it also presided over record deportations as well as family detentions at the border before changing course. so why should voters trust you with an immigration overhaul now?",2020-10-22,2020,2020_October_22_2020,fallacy of relevance
Joe Biden,"because we made a mistake. it took too long to get it right. took too long to get it right. ill be president of the united states, not vice president of the united states. and the fact is, ive made it very clear, within 100 days, im going to send to the united states congress a pathway to citizenship for over 11 million undocumented people. and all those so called dreamers, those daca kids, theyre going to be immediately certified again, to be able to stay in this country, and put on a path to citizenship. the idea that they are being sent home by this guy, and they want to do that, is they go to a country theyve never seen before. i can imagine youre five years old, your parents are taking you across the rio grande river and its and its illegal. you say oh, no, mom, leave me here. im not gonna go with you. theyve been here. many of them are model citizens. over 20,000 of them are first responders out there taking care of people during this crisis. we owe them. we owe them.",2020-10-22,2020,2020_October_22_2020,appeal to emotion
Welker,"president trump, your response.",2020-10-22,2020,2020_October_22_2020,ad hominem
Donald Trump,"kristen, he had eight years to do what he said he was going to do. and ive changed without having a specific  we got rid of catch and release, we got rid of a lot of horrible things that they put in and that they lived with. but he had eight years he was vice president. he did nothing except build cages to keep children in.",2020-10-22,2020,2020_October_22_2020,fallacy of relevance
Welker,"vice president biden, your response?",2020-10-22,2020,2020_October_22_2020,ad hominem
Joe Biden,"wrong. the catch and release, you know what hes talking about there? if in fact, you had a family, came across, theyre arrested. they, in fact, were given a date to show up for their hearing. they were released. and guess what, they showed up for a hearing. this is the first president in the history of the united states of america that anybody seeking asylum has to do it in another country. thats never happened before in america. thats never happened before in america. you come to the united states and you make your case. that i seek asylum based on the following premise, why i deserve it under american law. theyre sitting in squalor on the other side of the river.",2020-10-22,2020,2020_October_22_2020,fallacy of relevance
Welker,"president trump, there is",2020-10-22,2020,2020_October_22_2020,None
Donald Trump,"its so important. it just shows that he has no understanding of immigration or the laws. catch and release is a disaster. a murderer would come in, a rapist would come in, a very bad person would come in  we would take their name, we have to release them into our country. and then you say they come back. less than 1 of the people come back.",2020-10-22,2020,2020_October_22_2020,false dilemma
Donald Trump,"we have to send ice out and border patrol out to find them. we would say, come back in two years, three years  were going to give you a court case. you did perry mason, were going to give you a court case. when you say they come back, they dont come back, joe. they never come back. only the really  i hate to say this  but those with the lowest iq, they might come back. but there are very very few.",2020-10-22,2020,2020_October_22_2020,false dilemma
Welker,"ok, president trump, lets give vice president biden a chance to respond, and then were going to move on to the next section.",2020-10-22,2020,2020_October_22_2020,None
Donald Trump,"you dont know the law, joe.",2020-10-22,2020,2020_October_22_2020,false dilemma
Welker,"vice president biden, your response.",2020-10-22,2020,2020_October_22_2020,None
Joe Biden,i know the law. what hes telling you is simply not true.,2020-10-22,2020,2020_October_22_2020,false dilemma
Donald Trump,they dont come back.,2020-10-22,2020,2020_October_22_2020,None
Joe Biden,check it out.,2020-10-22,2020,2020_October_22_2020,None
Welker,"alright, lets move on",2020-10-22,2020,2020_October_22_2020,None
Donald Trump,but we dont have to worry about it because i terminated it. so we dont have to worry about it.,2020-10-22,2020,2020_October_22_2020,false dilemma
Welker,"alright, lets move on to the next section",2020-10-22,2020,2020_October_22_2020,None
Joe Biden,you have 525 kids not knowing where in gods name theyre going to be and lost their parents.,2020-10-22,2020,2020_October_22_2020,fallacy of relevance
Welker,"alright. lets talk about our next section, which is race in america. and i want to talk about the way black and brown americans experience race in this country. part of that experience is something called the talk. it happens regardless of class and income  parents who feel they have no choice but to prepare their children for the chance that they could be targeted, including by the police, for no reason other than the color of their skin. mr. vice president, in the next two minutes, i want you to speak directly to these families. do you understand why these parents fear for their children?",2020-10-22,2020,2020_October_22_2020,appeal to emotion
Joe Biden,"i do. i do. you know, my daughter is a social worker. and shes written a lot about this. she has a graduate degree from the university of pennsylvania in social work. and you know, one of the reasons why i ended up working on the east side of wilmington, delaware, which is 90 percent african american, was to learn more about what was going on. what i didnt  i never had to tell my daughter if shes pulled over, make sure she puts, for a traffic stop, put both hands on top of the wheel. and dont reach for the glove box because someone may shoot you. but a black parent, no matter how wealthy or how poor they are, has to teach their child, when youre walking down the street, dont have a hoodie on when you go across the street, making sure that you, in fact, if you get pulled over, yes sir, no sir, hands on top of the wheel. because you are in fact, a victim, whether youre a person making 300,000  300,000ayear person, or someone whos on food stamps. the fact of the matter is there is institutional racism in america. and we have always said  weve never lived up to it. that we hold these truths to be selfevident, all men and women are created equal. but guess what  we have never ever lived up to it. but we have constantly been moving the needle further and further to inclusion, not exclusion. this is the first president come along and says thats the end of that. were not going to do that anymore. we have to provide for economic opportunity, better education, better health care, better access to schooling, better access to opportunity to borrow money to start businesses. all the things we can do. and ive laid out a clear plan as to how to do those things. just to give people a shot. its about accumulating the ability to have wealth, as well as it is to be free from violence.",2020-10-22,2020,2020_October_22_2020,fallacy of relevance
Welker,"president trump, same question to you. and let me remind you of the question, i would like you to speak directly to these families. do you understand why these parents fear for their children?",2020-10-22,2020,2020_October_22_2020,fallacy of relevance
Donald Trump,"yes, i do. and again, hes been in government 47 years. he never did a thing except in 1994, when he did such harm to the black community. and they were called, and he called them, super predators. and he said that, he said it  super predators. and they have never lived that down. 1994, your crime bill, the super predators. nobody has done more for the black community than donald trump. and if you look, with the exception of abraham lincolnpossible exception, but the exception of abraham lincoln, nobody has done what ive done. criminal justice reform, obama and joe didnt do it. i dont even think they tried because they had no chance at doing it. they might have wanted to do it. but if you had to see the arms i had a twist to get that done, it was not a pretty picture. and everybody knows it including some very liberal people that cried in my officethey cried in the oval office. two weeks later, theyre out saying, gee, we have to defeat him. criminal justice reform, prison reform, opportunity zones with tim scott, a great senator from south carolina. he came in with this incredible idea for opportunity zones. its one of the most successful programs. people dont talk about it. tremendous investment is being made. biggest beneficiary, the black and hispanic communities and then historically black colleges and universities. after three years of coming to the office, i love some of those guys, they were great, they came into the office. and they said i said, what are you doing after three years? i said, why do you keep coming back? because we have no funding. i said, you dont have to come back every year, we have to come back, because president obama would never give them long term funding. and i did. tenyear, long term funding, and i gave them more money than they asked for, because i said, i think you need more. and i said, the only bad part about this is i may never see you again, because i got very friendly with them and they like me and i like them. but i saved historically black colleges and universities.",2020-10-22,2020,2020_October_22_2020,fallacy of relevance
Welker,"ok. and were going to talk about both of your records, but your response to that vice president?",2020-10-22,2020,2020_October_22_2020,ad hominem
Joe Biden,"my response to that is i never, ever said what he accused me of saying. the fact of the matter is, in 2000 though, after the crime bill had been in the law for a while, this is the guy who said, the problem with the crime bill, theres not enough people in jail. theres not enough people in jail, and go on my website, get the quote, the date when he said it, not enough people. he talked about marauding gangs, young gangs, the people who are going to maraud our cities. this is a guy who when the central park five, five innocent black kids, he continued to push for making sure that they got the death penalty. none of them were  none of them were guilty of what the crime, of the crimes that were suggested. look, and talk about he, granted, he did in fact let 20 people  he commuted 20 peoples sentences. we commuted over 1,000 peoples sentences. over 1,000. the very law hes talking about is a law that, in fact, initiated by barack obama. and secondly, were in a situation here where we  the federal prison system was reduced by 38,000 people under our administration. and one of these things we should be doing is there should be no, no minimum mandatories in the law. thats why im offering 20 billion to states to change their state laws to eliminate minimum mandatories and set up drug courts. no one should be going to jail because they have a drug problem. they should be going to rehabilitation, not to jail. we should fundamentally change the system and thats what im going to do.",2020-10-22,2020,2020_October_22_2020,fallacy of relevance
Donald Trump,"but why didnt he do it four years ago? why didnt you do that four years ago, even less than that? why didnt you",2020-10-22,2020,2020_October_22_2020,fallacy of relevance
Donald Trump,you were vice president. you keep talking about all these things youre going to do and youre going to do this. but you were there just a short time ago and you guys did nothing.,2020-10-22,2020,2020_October_22_2020,false dilemma
Donald Trump,"you know, joe, i ran because of you. i ran because of barack obama, because you did a poor job. if i thought you did a good job, i would have never run. i wouldve never run. i ran because of you. im looking at you now, youre a politician. i ran because of you.",2020-10-22,2020,2020_October_22_2020,false dilemma
Welker,"alright, vice president biden, your response to that? and then i do have some questions for both of you.",2020-10-22,2020,2020_October_22_2020,None
Joe Biden,"well, ill tell you what, i hope he does look at me because whats happening here is you know who i am, you know who he is, you know his character, you know my character, you know our reputations for honor and telling the truth. i am anxious to have this race. im anxious to see this take place. i am  the character of the country is on the ballot. our character is on the ballot. look at us closely.",2020-10-22,2020,2020_October_22_2020,false dilemma
Welker,let me ask them some follow,2020-10-22,2020,2020_October_22_2020,None
Donald Trump,excuse me,2020-10-22,2020,2020_October_22_2020,None
Welker,please respond and then were gonna have follow up questions.,2020-10-22,2020,2020_October_22_2020,None
Donald Trump,"if this stuff is true about russia, ukraine, china, other countries, iraq  if this is true, then hes a corrupt politician. so dont give me the stuff about how youre this innocent baby. joe, theyre calling you a corrupt politician",2020-10-22,2020,2020_October_22_2020,fallacy of relevance
Joe Biden,nobody says,2020-10-22,2020,2020_October_22_2020,None
Welker,"president trump, i want to stay on the issue of race. were talking about the issue",2020-10-22,2020,2020_October_22_2020,ad hominem
Donald Trump,its the laptop from hell.,2020-10-22,2020,2020_October_22_2020,appeal to emotion
Welker,"president trump, were talking about race right now and i do want to stay on the issue of race. president trump",2020-10-22,2020,2020_October_22_2020,None
Joe Biden,"nobody kristen, i have to respond to that.",2020-10-22,2020,2020_October_22_2020,None
Welker,"please, very quickly.",2020-10-22,2020,2020_October_22_2020,None
Joe Biden,"look, there are 50 former national intelligence folks who said that what this, hes accusing me of is a russian plan. they have said that this has all the characteristics  four five former heads of the cia, both parties, say what hes saying is a bunch of garbage. nobody believes it except him and his good friend rudy giuliani.",2020-10-22,2020,2020_October_22_2020,false dilemma
Donald Trump,"you mean, the laptop is now another russia, russia, russia hoax? you gotta be",2020-10-22,2020,2020_October_22_2020,fallacy of relevance
Joe Biden,thats exactly what  thats exactly what,2020-10-22,2020,2020_October_22_2020,None
Donald Trump,"is this where youre going? this is where hes going. the laptop is russia, russia, russia?",2020-10-22,2020,2020_October_22_2020,false dilemma
Welker,"gentleman, i want to stay on the issue of race, okay",2020-10-22,2020,2020_October_22_2020,None
Donald Trump,you have to be kidding. here we go again with russia. boy oh boy.,2020-10-22,2020,2020_October_22_2020,ad hominem
Welker,"were going to continue on the issue of race. mr. president, youve described the black lives matter movement as a symbol of hate. youve shared a video of a man chanting white power to millions of your supporters. youve said that black professional athletes exercising their first amendment rights should be fired. what do you say to americans who say that kind of language from a president is contributing to a climate of hate and racial strife?",2020-10-22,2020,2020_October_22_2020,fallacy of relevance
Donald Trump,"well you have to understand the first time i ever heard of black lives matter they were chanting pigs in a blanket, talking about police, pigs, pigs, talking about our police, pigs in a blanket, fry em like bacon. i said, thats a horrible thing. and they were marching down the street. and that was my first glimpse of black lives matter. i thought it was a terrible thing. as far as my relationships with all people, i think i have great relationships with all people. i am the least racist person in this room.",2020-10-22,2020,2020_October_22_2020,ad hominem
Welker,what do you say to americans who are concerned by that rhetoric?,2020-10-22,2020,2020_October_22_2020,ad hominem
Donald Trump,"i dont, i dont know what to say. i got criminal justice reform done, and prison reform, and opportunity zones. i took care of black colleges and universities. i dont know what to say. they can say anything. i mean, they can say anything. its a very  it makes me sad because i am the least racist person. i cant even see the audience because its so dark, but i dont care whos in the audience. im the least racist person in this room.",2020-10-22,2020,2020_October_22_2020,fallacy of relevance
Welker,"ok. vice president biden, let me ask you  very quickly, and then i have a follow up question for you.",2020-10-22,2020,2020_October_22_2020,None
Joe Biden,"abraham lincoln here is one of the most racist presidents weve had in modern history. he pours fuel on every single racist fire, every single one. he started off his campaign coming down the escalator saying hes gonna get rid of those mexican rapists. hes banned muslims because theyre muslims. he has moved around and made everything worse across the board. he says to them about the poor boys, last time we were on stage here. he said, i told him to stand down and stand ready. come on. this guy has a dog whistle about as big as a fog horn.",2020-10-22,2020,2020_October_22_2020,ad hominem
Welker,"president trump, im going to give you 10 seconds to respond and then i have a follow up question.",2020-10-22,2020,2020_October_22_2020,None
Donald Trump,he made a reference to abraham lincoln. where did that come in? i mean,2020-10-22,2020,2020_October_22_2020,None
Joe Biden,you said you were abraham lincoln.,2020-10-22,2020,2020_October_22_2020,ad hominem
Donald Trump,"no, no. where did that  no no, i said not since abraham lincoln has anybody done what ive done for the black community. i didnt say im abraham lincoln. i said, not since abraham lincoln has anybody done but what ive done for the black community. now you have done nothing other than the crime bill, which put",2020-10-22,2020,2020_October_22_2020,false dilemma
Donald Trump,"tens of thousands of black men, mostly, in jail. and you know what? they remember it because if you look at whats happening with the voting right now, they remember that you treated them very, very badly. just take a look at whats happening out there.",2020-10-22,2020,2020_October_22_2020,false dilemma
Welker,"vice president biden, let me give you a chance to respond within this context. crime bills that you supported in the 80s and 90s contributed to the incarceration of tens of thousands of young black men who had small amounts of drugs in their possession. they are sons, they are brothers, they are fathers, theyre uncles whose families are still to this day, some of them, suffering the consequences. so speak to those families, why should they vote for you?",2020-10-22,2020,2020_October_22_2020,ad hominem
Joe Biden,"one of the things is that in the 80s, we passed 100, all 100 senators voted for it, a bill on drugs and how to deal with drugs. it was a mistake. ive been trying to change it since then, particularly the portion on cocaine. thats why ive been arguing that, in fact, we should not send anyone to jail for a pure drug offense. they should be going into treatment across the board. thats what we should be spending money on. thats why i set up drug courts which were never funded by republican friends. they should not be going to jail for a drug or an alcohol problem. they should be going into treatment. treatment. thats what weve been trying to do. thats what im going to get done because the american people have now seen that in fact, it was a mistake to pass those laws related to drugs. but they were not in the crime bill.",2020-10-22,2020,2020_October_22_2020,fallacy of relevance
Donald Trump,"but why didnt he get it done? see, its all talk, no action with these politicians. why didnt he get it done? thats what im gonna do when i become president. you were vice president, along with obama as your president, your leader, for eight years. why didnt you get it done? you had eight years to get it done? now, youre saying youre gonna get it done because youre all talk and no action, joe.",2020-10-22,2020,2020_October_22_2020,fallacy of relevance
Joe Biden,"we got a lot of it done. we released 38,000  we got 38,000 prisoners left from",2020-10-22,2020,2020_October_22_2020,false dilemma
Donald Trump,you didnt get anything done. you got nothing done.,2020-10-22,2020,2020_October_22_2020,ad hominem
Joe Biden,"38,000 prisoners were released from federal prison. we have  there were over 1000 people who were given clemency. we  in fact, were the ones that put in the legislation saying we could look at pattern or practice of police departments and what they were doing, how they were conducting themselves. i could go on, but we began the process. we began the process. we lost an election. thats why im running to win back that election and change his terrible policy.",2020-10-22,2020,2020_October_22_2020,fallacy of relevance
Donald Trump,"i just ask  i just ask one question why didnt you do it in the eight years, a short time ago? why didnt you do it? you just said, im going to do that. im going to do this. you put tens of thousands of mostly black young men in prison. now youre saying youre going to get  youre going to undo that. why didnt you get it done? you had eight years with obama? you know why, joe, because youre all talk and no action.",2020-10-22,2020,2020_October_22_2020,fallacy of relevance
Welker,"alright, vice president biden and then were gonna move on to the next section.",2020-10-22,2020,2020_October_22_2020,None
Joe Biden,we had a republican congress. thats the answer.,2020-10-22,2020,2020_October_22_2020,false dilemma
Donald Trump,"well, you gotta talk  you gotta talk em into it, joe. sometimes you gotta talk em into it.",2020-10-22,2020,2020_October_22_2020,false dilemma
Welker,"alright, were gonna move on to our next section which is climate change",2020-10-22,2020,2020_October_22_2020,None
Donald Trump,like i did with criminal justice reform. i had to talk democrats into it.,2020-10-22,2020,2020_October_22_2020,false dilemma
Welker,"gentlemen, were running out of time so we gotta get on to climate change, please. you both have very different visions on climate change. president trump, you say that environmental regulations have hurt jobs in the energy sector. vice president biden, you have said you see addressing climate change as an opportunity to create new jobs. for each of you, how would you both combat climate change and support job growth at the same time? starting with you, president trump, you have two minutes uninterrupted.",2020-10-22,2020,2020_October_22_2020,fallacy of relevance
Donald Trump,"so we have the trillion trees program, we have so many different programs. i do love the environment, but what i want is the cleanest, crystal clear water, the cleanest air. we have the best, lowest number in carbon emissions, which is a big standard that i noticed obama goes with all the time. not joe. i havent heard joe use the term because im not sure he knows what it represents or means, but i have heard obama use it. and we have the best carbon emission numbers that weve had in 35 years. under this administration, we are working so well with industry, but heres what we cant do  look at china, how filthy it is. look at russia. look at india. its filthy. the air is filthy. the paris accord, i took us out because we were going to have to spend trillions of dollars and we were treated very unfairly. when they put us in there, they did us a great disservice. they were going to take away our businesses. i will not sacrifice tens of millions of jobs, thousands and thousands of companies because of the paris accord. it was so unfair. china doesnt kick in until 2030. russia goes back to a low standard and we kicked in right away. it would have been  it would have been it would have destroyed our businesses. so, you ready? we have done an incredible job environmentally. we have the cleanest air, the cleanest water and the best carbon emission standards that weve seen in many, many years.",2020-10-22,2020,2020_October_22_2020,appeal to emotion
Welker,vice president biden,2020-10-22,2020,2020_October_22_2020,None
Donald Trump,and we havent destroyed our industries.,2020-10-22,2020,2020_October_22_2020,None
Welker,"vice president biden, two minutes to you uninterrupted.",2020-10-22,2020,2020_October_22_2020,None
Joe Biden,"climate change, climate warming, global warming is an existential threat to humanity. we have a moral obligation to deal with it. and were told by all the leading scientists in the world we dont have much time. were going to pass the point of no return within the next eight to 10 years. four more years of this man eliminating all the regulations that were put in by us to clean up the climate, to clean up  to limit the  limit of emissions, will put us in a position where were going to be in real trouble. heres where we have a great opportunity. i was able to get both all the environmental organizations as well as labor, the people worried about jobs, to support my climate plan. because what it does, it will create millions of new, goodpaying jobs. were going to invest in, for example, 500,000  50,000, excuse me, 50,000 charging stations on our highways so that we can own the electric car market in the future. in the meantime, chinas doing that. were going to be in a position where were going to see to it that were going to take 4 million existing billion, buildings and 2 million existing homes and retrofit them so they dont leak as much energy, saving hundreds of millions of barrels of oil in the process and creating significant number of jobs. and by the way, the whole idea of what this is all going to do, its going to create millions of jobs and its going to clean the environment. our health and our jobs are at stake. thats whats happening. and what  right now, by the way, wall street firm has indicated that my plan  my plan will, in fact, create 18.6 million jobs, 7 million more than his. this from wall street and ill create 1 trillion more in economic growth than his proposal does, not on climate just on the economy.",2020-10-22,2020,2020_October_22_2020,fallacy of relevance
Welker,"president trump, your response",2020-10-22,2020,2020_October_22_2020,None
Donald Trump,"they came out and said very strongly, 6,500 will be taken away from families under his plan, that his plan is an economic disaster. if you look at what he wants to do, you know the, if you look at his plan, his environmental plan, you know who developed it? aoc3. they know nothing about the climate. i mean, shes got a good line of stuff, but she knows nothing about the climate. and theyre all hopping through hoops for aoc3. look, their real plan costs 100 trillion. if we had the best year in the history of our country for 100 years, we would not even come close to a number like that. when he says buildings, they want to take buildings down because they want to make bigger windows into smaller windows. as far as theyre concerned, if you had no window it would be a lovely thing. this is the craziest plan that anybody has ever seen. and this wasnt done by smart people. this wasnt done by anybody. frankly, i dont even know how it can be good politically. they want to spend 100 trillion. thats their real number. hes trying to say it was six. its 100 trillion. they want to knock down buildings and build new buildings with little tiny, small windows and many other things. and many other things",2020-10-22,2020,2020_October_22_2020,ad hominem
Welker,"alright  okay, let me have the vice president respond and were running out of time and we have a lot more questions to get to. so lets hear from the vice president. i have a number of more questions.",2020-10-22,2020,2020_October_22_2020,None
Joe Biden,"i dont know where he comes from. i dont know where he comes up with these numbers. 100 trillion? give me a break. this plan was  this plan has been endorsed by every major  every major environmental group and every labor group. labor. because they know the future lies, the future lies in us being able to breathe. and they know theyre good jobs in getting us there. and by the way, the fastest growing industry in america are is, is, is the electric  excuse me, solar energy and wind. he thinks wind causes cancer, windmills. its the fastest growing jobs and they pay good prevailing wages, 45, 50 bucks an hour. we can grow and we can be cleaner, if we go the route im proposing.",2020-10-22,2020,2020_October_22_2020,false dilemma
Welker,president trump  please respond and then i have some follow ups.,2020-10-22,2020,2020_October_22_2020,ad hominem
Donald Trump,"excuse me. we are energy independent for the first time. we dont need all of these countries that we had a fight, war over because we needed their energy. we are energy independent. i know more about wind than you do. its extremely expensive, kills all the birds, its very intermittent. its got a lot of problems and they happen to make the windmills in both germany and china. and the fumes coming up  if youre a believer in carbon emission, the fumes coming up to make  make these massive windmills is more than anything that were talking about with natural gas, which is very clean. one other thing",2020-10-22,2020,2020_October_22_2020,ad hominem
Joe Biden,find me a scientist that says that.,2020-10-22,2020,2020_October_22_2020,None
Donald Trump,"solar. i love solar, but solar doesnt quite have it yet. its not powerful enough yet to  to really run our big beautiful factories that we need to compete with the world",2020-10-22,2020,2020_October_22_2020,false dilemma
Donald Trump,"so, its all a pipe dream, but you know what well do? were gonna have the greatest economy in the world. but if you want to kill the economy, get rid of your oil industry. you want  and what about fracking?",2020-10-22,2020,2020_October_22_2020,false dilemma
Welker,alright. let me allow vice president biden to respond,2020-10-22,2020,2020_October_22_2020,None
Joe Biden,i have never said i oppose fracking.,2020-10-22,2020,2020_October_22_2020,None
Donald Trump,you said it on tape.,2020-10-22,2020,2020_October_22_2020,false dilemma
Joe Biden,i did? show the tape. put it on your website.,2020-10-22,2020,2020_October_22_2020,None
Donald Trump,ill put it on.,2020-10-22,2020,2020_October_22_2020,None
Joe Biden,put it on the website. the fact of the matter is hes flat lying.,2020-10-22,2020,2020_October_22_2020,None
Welker,would you rule out banning fracking?,2020-10-22,2020,2020_October_22_2020,false dilemma
Joe Biden,"i do rule out banning fracking because the answer we need  we need other industries to transition to get to, ultimately, a complete zero emissions by 2025. what i will do with fracking over time is make sure that we can capture the emissions from the fracking. capture the emissions from gas. we can do that and we can do that by investing money into  its a transition to that.",2020-10-22,2020,2020_October_22_2020,false dilemma
Welker,i have one more question,2020-10-22,2020,2020_October_22_2020,None
Donald Trump,"excuse me. he was against fracking. he said it. i will show that to you tomorrow. i am against fracking, until he got the nomination, went to pennsylvania, then he said  you know what, pennsylvania? hell be against it very soon because his party is totally against it.",2020-10-22,2020,2020_October_22_2020,false dilemma
Joe Biden,"fracking on federal land, i said, no fracking and oil on federal land",2020-10-22,2020,2020_October_22_2020,None
Welker,"let me ask this final question in this section and then i want to move on to our final section. president trump, people of color are much more likely to live near oil refineries and chemical plants. in texas there are families who worry the plants near them are making them sick. your administration has rolled back regulations on these kinds of facilities. why should these families give you another four years in office?",2020-10-22,2020,2020_October_22_2020,false dilemma
Donald Trump,"the families that were talking about are employed heavily and they are making a lot of money, more money than theyve ever made. if you look at the kind of numbers that we produce for hispanic, or black, or asian, its nine times greater, the percentage gain than it was under  in three years  than it was under eight years of the two of them, to put it nicely. nine times more. now, somebody lives  i have not heard the numbers or the statistics that youre saying  but theyre making a tremendous amount of money. economically, we saved it. and i saved it again a number of months ago when oil was crashing because of the pandemic. we saved it. we got  say what you want of that relationship, we got saudi arabia, mexico and russia to cut back, way back. we saved our oil industry and now its very vibrant and everybody has very inexpensive gasoline. remember that.",2020-10-22,2020,2020_October_22_2020,fallacy of relevance
Welker,"vice president biden, your response and then were going to have a final question for both of you.",2020-10-22,2020,2020_October_22_2020,None
Joe Biden,"my response is that those people live on what they call fence lines. he doesnt understand this. they live near chemical plants that, in fact, pollute. chemical plants and oil plants and refineries that pollute. i used to live near that when i was growing up in claymont, delaware. and all the more oil refineries in marcus hook and the delaware river than there is any place, including in houston at the time. when my mom would get in the car when there were first frost to drive me to school, turned on the windshield wipers thered be oil slick in the window. thats why so many people in my state were dying and getting cancer. the fact is those frontline communities, it doesnt matter what youre paying them. it matters how you keep them safe. what do you do? and you impose restrictions on the pollutions, on the pollutants coming out of those fence line communities.",2020-10-22,2020,2020_October_22_2020,fallacy of relevance
Welker,"ok, i have one final question",2020-10-22,2020,2020_October_22_2020,None
Donald Trump,would he close down the oil industry  would you close down the oil industry?,2020-10-22,2020,2020_October_22_2020,false dilemma
Joe Biden,"i would transition from the oil industry, yes.",2020-10-22,2020,2020_October_22_2020,None
Donald Trump,"oh, transition. thats a big statement.",2020-10-22,2020,2020_October_22_2020,ad hominem
Joe Biden,it is a big statement because i would stop,2020-10-22,2020,2020_October_22_2020,false dilemma
Welker,why would you do that?,2020-10-22,2020,2020_October_22_2020,None
Joe Biden,"because the oil industry pollutes, significantly  but heres the deal",2020-10-22,2020,2020_October_22_2020,None
Donald Trump,i see. thats a big statement.,2020-10-22,2020,2020_October_22_2020,None
Joe Biden,"well, if you let me finish the statement, because it has to be replaced by renewable energy over time. over time. and id stop giving to the oil industry  id stop giving them federal subsidies. you wont give federal subsidies to the gas and, excuse me, to solar and wind. why are we giving it to oil industry?",2020-10-22,2020,2020_October_22_2020,false dilemma
Donald Trump,we actually do give it to solar and wind,2020-10-22,2020,2020_October_22_2020,None
Welker,"alright, we have one final question",2020-10-22,2020,2020_October_22_2020,None
Donald Trump,"and thats maybe the biggest statement in terms of business, thats the biggest statement.",2020-10-22,2020,2020_October_22_2020,false dilemma
Welker,"okay, we have one final question. mr. president",2020-10-22,2020,2020_October_22_2020,None
Donald Trump,because basically what hes saying is he is going to destroy the oil industry. will you remember that texas? will you remember that pennsylvania? oklahoma? ohio?,2020-10-22,2020,2020_October_22_2020,false dilemma
Welker,"vice president biden, let me give you ten seconds to respond and then i have to get to the final question. vice president biden?",2020-10-22,2020,2020_October_22_2020,false dilemma
Joe Biden,"he takes everything out of context, but the point is, look, we have to move toward a net zero emissions. the first place to do that by the year 2035 is in energy production. by 2050, totally.",2020-10-22,2020,2020_October_22_2020,fallacy of relevance
Welker,alright. one final question,2020-10-22,2020,2020_October_22_2020,None
Donald Trump,is he gonna get china to do it? is he going to get china to do it?,2020-10-22,2020,2020_October_22_2020,false dilemma
Welker,"no, were finished with this. we have to move on to our final question.",2020-10-22,2020,2020_October_22_2020,None
Joe Biden,"no, im going to rejoin the paris accord and make china abide by what they agreed to.",2020-10-22,2020,2020_October_22_2020,false dilemma
Donald Trump,thatll cost you 1 trillion.,2020-10-22,2020,2020_October_22_2020,None
Welker,"this is about leadership, gentlemen, and this first question does go to you, president trump. imagine this is your inauguration day. what will you say in your address to americans who did not vote for you? youll each have one minute, starting with you, mr. president.",2020-10-22,2020,2020_October_22_2020,fallacy of relevance
Donald Trump,"we have to make our country totally successful, as it was prior to the plague coming in from china. now were rebuilding it and were doing record numbers, 11.4 million jobs in a short period of time etc. but, i will tell you, go back before the plague came in, just before, i was getting calls from people that were not normally people that would call me. they wanted to get together. we had the best black unemployment numbers in the history of our country, hispanic, women, asian, people with diplomas, with no diplomas, mit graduates, number one in the class  everybody had the best numbers. and you know what? the other side wanted to get together. they wanted to unify. success is going to bring us together. we are on the road to success. but im cutting taxes and he wants to raise everybodys taxes. and he wants to put new regulations on everything. he will kill it. if he gets in, you will have a depression, the likes of which youve never seen. your 401ks will go to hell and itll be a very, very sad day for this country.",2020-10-22,2020,2020_October_22_2020,fallacy of relevance
Welker,"alright. vice president biden, same question to you. what will you say during your inaugural address to americans who did not vote for you?",2020-10-22,2020,2020_October_22_2020,fallacy of relevance
Joe Biden,"i will say, im an american president. i represent all of you whether you voted for me or against me. and im going to make sure that youre represented. im going to give you hope. were going to move. were going to choose science over fiction. were going to choose hope over fear. were going to choose to move forward because we have enormous opportunities, enormous opportunities to make things better. we can grow this economy. we can deal with systemic racism. at the same time, we can make sure that our economy is being run, and moved, and motivated by clean energy, creating millions of new jobs. and thats the fact, thats what were going to do. and im going to say, as i said at the beginning, what is on the ballot here is the character of this country. decency. honor. respect. treating people with dignity. making sure that everyone has an even chance. now, im going to make sure you get that. you havent been getting it the last four years.",2020-10-22,2020,2020_October_22_2020,appeal to emotion
Welker,"alright. i want to thank you both for a very robust hour and a half, a fantastic debate. really appreciate it. president trump, former vice president joe biden. thank you to belmont university for hosting us tonight and most importantly, thank you to those watching tonight. election day is november 3rd. dont forget to vote. thank you everyone and have a great night.",2020-10-22,2020,2020_October_22_2020,None
Pence,thank you.,2020-10-07,2020,2020_October_07_2020,None
Page,"senator harris and vice president pence thank you for being here. were meeting as president trump and the first lady continue to undergo treatment in washington after testing positive for covid19. we send our thoughts and prayers to them for their rapid and complete recovery and for the recovery of everyone afflicted by the coronavirus. the two campaigns and the commission on presidential debates have agreed to the ground rules for tonight. im here to enforce them on behalf of the millions of americans who are watching. one note, no one in either campaign, or at the commission or anywhere else has been told in advance what topics ill raise or what questions ill ask. this ninetyminute debate will be divided into nine segments of about 10 minutes each. ill begin a segment by posing a question to each of you, sometimes the same question, sometimes a different question on the same topic. you will then have two minutes to answer, without interruption by me or the other candidate. then well take six minutes or so to discuss the issue. at that point, although there will always be more to say, well move on to the next topic. we want a debate that is lively, but americans also deserve a discussion that is civil. these are tumultuous times, but we can and will have a respectful exchange about the big issues facing our nation. lets begin with the ongoing pandemic that has cost our country so much. senator harris, the coronavirus is not under control. over the past week, johns hopkins reports that 39 states have had more covid cases over the past seven days than in the week before. nine states have set new records. even if a vaccine is released soon, the next administration will face hard choices. what would a biden administration do in january and february that a trump administration wouldnt do? would you impose new lockdowns for businesses and schools in hotspots? a federal mandate to wear masks? you have two minutes to respond, without interruption.",2020-10-07,2020,2020_October_07_2020,appeal to emotion
Harris,"thank you susan. well, the american people have witnessed what is the greatest failure of any presidential administration in the history of our country. and here are the facts. 210,000 dead people in our country in just the last several months. over 7 million people who have contracted this disease. one in five businesses closed. were looking at frontline workers who have been treated like sacrificial workers. we are looking at over 30 million people who in the last several months had to file for unemployment. and heres the thing, on january 28, the vice president and the president were informed about the nature of this pandemic. they were informed that its lethal in consequence, that it is airborne, that it will affect young people and that it would be contracted because it is airborne. and they knew what was happening, and they didnt tell you. can you imagine if you knew on january 28, as opposed to march 13, what they knew what you might have done to prepare? they knew and they covered it up. the president said it was a hoax. they minimized the seriousness of it. the president said youre on one side of his ledger if you wear a mask, youre on the other side of his ledger if you dont. and in spite of all of that, today they still dont have a plan. they still dont have a plan. well, joe biden does. and our plan is about what we need to do around a national strategy for contact tracing, for testing, for administration of the vaccine and making sure that it will be free for all. that is the plan that joe biden has and that i have, knowing that we have to get a hold of what has been going on and we need to save our country. and joe biden is the best leader to do that and frankly, this administration has forfeited their right to reelection, based on this.",2020-10-07,2020,2020_October_07_2020,ad hominem
Page,"thank you thank you, senator harris. thank you, senator harris. vice president pence, more than 210,000 americans have died of covid19 since february. the us death toll as a percentage of our population is higher than that of almost every other wealthy nation on earth. for instance, our death rate is two and a half times that of canada, next door. you head the administrations coronavirus task force. why is the u.s. death toll, as a percentage of our population, higher than that of almost every other wealthy country? and you have two minutes to respond, without interruption.",2020-10-07,2020,2020_October_07_2020,ad hominem
Pence,"susan thank you. and i want to thank the commission and the university of utah for hosting this event. and senator harris, its a privilege to be on the stage with you. our nation has gone through a very challenging time this year. but i want the american people to know that from the very first day, president donald trump has put the health of america first. before there were more than five cases in the united states, all people who had returned from china, president donald trump did what no other american president had ever done. and that was he suspended all travel from china, the second largest economy in the world. now, senator, joe biden opposed that decision. he said it was xenophobic and hysterical, but i can tell you, having led the white house coronavirus task force, that that decision alone by president trump bought us invaluable time to stand up the greatest national mobilization since world war ii. and i believe its saved hundreds of thousands of american lives. because with that time we were able to reinvent testing. more than 115 million tests have been done to date. we were able to see to the delivery of billions of supplies so our doctors and nurses had the resources and support they needed. and we began, really before the month of february it was hard to develop a vaccine and to develop medicines and therapeutics thatve been saving lives all along the way. and under president trumps leadership, operation warp speed, we believe, will have literally tens of millions of doses of a vaccine before the end of this year. the reality is, when you look at the biden plan, it reads an awful lot like what president trump and i and our task force have been doing every step of the way. and quite frankly, when i look at their plan that talks about advancing testing, creating new ppe, developing a vaccine, umm, it looks a little bit like plagiarism, which is something joe biden knows a little bit about. i think the american people know that this is a president who has put the health of america first and the american people, i believe with my heart, can be proud of the sacrifices they have made. its saved countless american lives.",2020-10-07,2020,2020_October_07_2020,fallacy of relevance
Page,"thank you, vice pres thank you vice president pence thank you, vice president pence. senator harris, would you like to respond?",2020-10-07,2020,2020_October_07_2020,None
Harris,"oh, absolutely. whatever the vice presidents claiming the administration has done, clearly it hasnt worked when youre looking at over 210,000 dead bodies in our country, american lives that have been lost, families that are grieving that loss. and you know, the vice president is the head of the task force and knew, on january 28, how serious this was. and then, big thanks to bob woodward, we learned that they knew about it. and then when that was exposed, the vice president said when asked well, why didnt yall tell anybody?, he said because the president wanted people to remain calm.",2020-10-07,2020,2020_October_07_2020,appeal to emotion
Page,"well, lets go",2020-10-07,2020,2020_October_07_2020,None
Harris,"no, i  susan, i  this is important",2020-10-07,2020,2020_October_07_2020,ad hominem
Pence,"susan, i have to weigh in here",2020-10-07,2020,2020_October_07_2020,None
Harris,"mr. vice president, im speaking.",2020-10-07,2020,2020_October_07_2020,None
Pence,i have to weigh in,2020-10-07,2020,2020_October_07_2020,None
Harris,im speaking. i wanna,2020-10-07,2020,2020_October_07_2020,None
Page,you have 15 more seconds and then well give the vice president a chance to respond.,2020-10-07,2020,2020_October_07_2020,None
Harris,"thank you. so i want to ask the american people, how calm were you when you were panicked about where youre going to get your next roll of toilet paper? how calm were you when your kids were sent home from school and you didnt know when they could go back?",2020-10-07,2020,2020_October_07_2020,appeal to emotion
Page,"thank you. thank you, senator harris",2020-10-07,2020,2020_October_07_2020,None
Harris,how calm were you when your children couldnt see your parents because you were afraid they could kill them?,2020-10-07,2020,2020_October_07_2020,false dilemma
Page,"lets give vice president pence a chance to respond. vice president pence, you have one minute to respond.",2020-10-07,2020,2020_October_07_2020,None
Pence,"you know theres not a day gone by that i havent thought of every american family thats lost a loved one. and i want all of you to know that youll always be in our hearts and in our prayers. but when you say what the american people have done over these last eight months hasnt worked, thats a great disservice to the sacrifices the american people have made.",2020-10-07,2020,2020_October_07_2020,false dilemma
Harris,im referring to your president.,2020-10-07,2020,2020_October_07_2020,None
Pence,"the reality  if i may, if i may finish, senator. the reality is dr. fauci said everything that he told the president in the oval office, the president told the american people. now president trump i will tell you has boundless confidence in the american people and he always spoke with confidence that wed get through this together. but when you say it hasnt worked  when dr. fauci and dr. birks and our medical experts came to us in the second week of march, they said if the president didnt take the unprecedented step of shutting down roughly half of the american economy that we could lose 2.2 million americans. thats the reality.",2020-10-07,2020,2020_October_07_2020,false dilemma
Page,"thank you. thank you, vice president pence",2020-10-07,2020,2020_October_07_2020,None
Pence,"they also said to us if we did everything right, susan, we could still lose more than 200,000 americans.",2020-10-07,2020,2020_October_07_2020,false dilemma
Page,vice president pence,2020-10-07,2020,2020_October_07_2020,None
Pence,"now, one life lost is too many, susan.",2020-10-07,2020,2020_October_07_2020,None
Page,thank you,2020-10-07,2020,2020_October_07_2020,None
Pence,"but the american people, i believe, deserve credit for the sacrifices that they have made, putting the health of their family and their neighbors first, our doctors, our nurses, our first responders",2020-10-07,2020,2020_October_07_2020,None
Page,"thank you, vice president pence",2020-10-07,2020,2020_October_07_2020,None
Pence,and im going to speak up on behalf of what the american people have done.,2020-10-07,2020,2020_October_07_2020,false dilemma
Page,"vice president pence, you were in the front row at a rose garden event 11 days ago, at what seems to have been a superspreader event for senior administration and congressional officials. no social distancing, few masks, and now a cluster of coronavirus cases among those who were there. how can you expect americans to follow the administration safety guidelines to protect themselves from covid when you at the white house have not been doing so?",2020-10-07,2020,2020_October_07_2020,false dilemma
Pence,"well, the american people have demonstrated over the last eight months that when given the facts theyre willing to put the health of their families, and their neighbors and people they dont even know first. president trump and i have great confidence in the american people and their ability to take that information and put it into practice. in the height of the epidemic, when we were losing a heartbreaking number of 2,500 americans a day, we surged resources to new jersey, and new york, and new orleans and detroit. we told the american people what needed to be done and the american people made the sacrifices. when the outbreak in the sunbelt happened this summer, again, americans stepped forward. but the reality is the work of the president of the united states goes on. a vacancy on the supreme court of the united states has come upon us and the president introduced judge amy coney barrett",2020-10-07,2020,2020_October_07_2020,fallacy of relevance
Page,"yes, thank you thank you, vice president pence",2020-10-07,2020,2020_October_07_2020,None
Pence,"at that if i may say, that rose garden event, theres been a great deal of speculation about it. my wife karen and i were there and honored to be there. many of the people who were at that event, susan, actually were tested for coronavirus. and it was an outdoor event, which all of our scientists regularly and routinely advise, the difference here is president trump and i trust the american people to make choices in the best interest of their health. joe biden and kamala harris consistently talk about mandates, and not not just mandates with the coronavirus but a government takeover of healthcare, the green new deal",2020-10-07,2020,2020_October_07_2020,false dilemma
Page,"thank you thank you, vice president pence",2020-10-07,2020,2020_October_07_2020,None
Pence,all government control. were about freedom and respecting the freedom of the american people.,2020-10-07,2020,2020_October_07_2020,fallacy of relevance
Harris,lets talk about respecting the american people. you respect the american people when you tell them the truth. you respect the american people when you have the courage to be a leader,2020-10-07,2020,2020_October_07_2020,false dilemma
Pence,which weve always done,2020-10-07,2020,2020_October_07_2020,None
Harris,"speaking of those things that you may not want people to hear but they need to hear so they can protect themselves. but this administration stood on information that if you had as a parent, if you had as a worker knowing you didnt have enough money saved up, and now youre standing in a food line because of the ineptitude of an administration that was unwilling to speak the truth to the american people. so lets talk about caring about the american people. the american people who have had to sacrifice far too much because of the incompetence of this administration. it is asking too much of the people",2020-10-07,2020,2020_October_07_2020,fallacy of relevance
Pence,"susan, we talked about the american people",2020-10-07,2020,2020_October_07_2020,None
Page,vice president pence,2020-10-07,2020,2020_October_07_2020,None
Harris,it is asking too much of the people that they would not be equipped with the information they need to help themselves to protect their parents and their children.,2020-10-07,2020,2020_October_07_2020,fallacy of relevance
Pence,"susan, the president",2020-10-07,2020,2020_October_07_2020,None
Page,"no, im sorry. kamala harris  senator harris, i mean. im sorry.",2020-10-07,2020,2020_October_07_2020,None
Harris,its fine. im kamala.,2020-10-07,2020,2020_October_07_2020,None
Page,"no, no, youre senator harris to me. for life to get back to normal dr. anthony fauci and other experts say that most of the people who can be vaccinated need to be vaccinated, but half of americans now say they wouldnt take a vaccine if it was released now. if the trump administration approves a vaccine, before or after the election, should americans take it and would you take it?",2020-10-07,2020,2020_October_07_2020,false dilemma
Harris,"if the public health professionals, if dr. fauci, if the doctors tell us that we should take it, ill be the first in line to take it. absolutely. but if donald trump tells us that we should take it, im not taking it.",2020-10-07,2020,2020_October_07_2020,fallacy of relevance
Page,"vice president pence, there have been a lot of repercussions from this pandemic. in recent days, the presidents diagnosis of covid19 has underscored the importance of the job that you hold, and that you are seeking. thats our second topic tonight, its the role of the vice president. one of you will make history on january 20, you will be the vice president to the oldest president the united states has ever had. donald trump will be 74yearsold on inauguration day. joe biden will be 78yearsold. that already has raised concerns among some voters, concerns that have been sharpened by president trumps hospitalization in recent days. vice president pence, have you had a conversation or reached an agreement with president trump about safeguards or procedures when it comes to the issue of presidential disability? and if not, do you think you should? you have two minutes without interruption.",2020-10-07,2020,2020_October_07_2020,appeal to emotion
Pence,"well, susan, thank you. although i would like to go back",2020-10-07,2020,2020_October_07_2020,None
Page,i think we need to move on to the issue of the vice presidency,2020-10-07,2020,2020_October_07_2020,None
Pence,"well, thank you but, i would like to go back. because the reality is that were going to have a vaccine, senator, in record time, in unheard of time, in less than a year. we have five companies in phase three clinical trials. and were right now producing tens of millions of doses. so, the fact that you continue to undermine public confidence in a vaccine if the vaccine emerges during the trump administration, i think is unconscionable. and senator, i just ask you, stop playing politics with peoples lives. the reality is that we will have a vaccine, we believe, before the end of this year, and it will have the capacity to save countless american lives. and your continuous undermining of confidence in a vaccine is just, its just unacceptable. and let me also say, you know the reality is when you talk about, about failure in this administration, we actually do know what failure looks like in a pandemic. it was 2009. the swine flu arrived in the united states. thankfully, it was, ended up not being as lethal as the coronavirus. but before the end of the year, when joe biden was vice president of the united states, not seven and a half million people contracted the swine flu, 60 million americans contracted the swine flu. if the swine flu had been as lethal as the coronavirus in 2009 when joe biden was vice president, we would have lost 2 million american lives. his own chief of staff ron klain would say last year that it was pure luck. that they did everything possible wrong. and we learned from that. they left the strategic national stockpile empty. they left an empty and hollow plan, but we still learned from it. and i think",2020-10-07,2020,2020_October_07_2020,false dilemma
Page,"thank you, vice president pence  vice president pence, your time is up",2020-10-07,2020,2020_October_07_2020,None
Pence,"the american people, im gonna say again, can be proud of what we have done",2020-10-07,2020,2020_October_07_2020,None
Page,"vice president pence, im sorry. your time is up thank you, vice president pence",2020-10-07,2020,2020_October_07_2020,fallacy of relevance
Pence,"and, senator, please stop undermining confidence in a vaccine.",2020-10-07,2020,2020_October_07_2020,false dilemma
Page,"senator harris, let me ask you the same question that i asked vice president pence, which is have you had a conversation, or reached an agreement with vice president biden, about safeguards or procedures when it comes to the issue of presidential disability? and if not, and if you win the election next month, do you think you should? you have two minutes, uninterrupted.",2020-10-07,2020,2020_October_07_2020,false dilemma
Harris,"so let me tell you first of all, on the day i got the call from joe biden, it was actually a zoom call, asking me to serve with him on this ticket was probably one of the most memorable, memorable days of my life. i, you know, i thought about my mother, who came to the united states at the age of 19, gave birth to me at the age of 25 at kaiser hospital in oakland, california. and the thought that id be sitting here right now i know would make her proud and she must be looking down on this. you know joe and i were raised in a very similar way. we were raised with values that are about hard work, about the value and the dignity of public service and about the importance of fighting for the dignity of all people. and i think joe asked me to serve with him because i have a career that included being elected the first woman district attorney of san francisco, where i created models of innovation for law enforcement, in terms of reform of the criminal justice system. i was elected the first woman of color, and black woman, to be elected attorney general of the state of california, where i ran the second largest department of justice in the united states, second only to the united states department of justice. there i took on everything from transnational criminal organizations, to the big banks that were taking advantage of homeowners, to for profit colleges that were taking advantage of veterans. and then, of course, now i serve in the united states senate as only the second black woman ever elected to the united states senate. i serve on the senate intelligence committee where ive been in regular receipt of classified information about threats to our nation and hotspots around the world. ive traveled the world. ive met with our soldiers in our, in war zones. and i think joe has asked me to serve with him because he knows that we share, we share a purpose, which is about lifting up the american people. and after the four years that we have seen of donald trump, unifying our country around our common values and principles.",2020-10-07,2020,2020_October_07_2020,fallacy of relevance
Page,"thank you, senator harris. you know neither, neither president trump nor vice president biden has released the sort of detailed health information that had become the modern norm until the 2016 election. and in recent days, president trumps doctors have given misleading answers or refused to answer basic questions about his health. and my question to each of you, in turn, is, is this information voters deserve to know? vice president pence, would you like to go first?",2020-10-07,2020,2020_October_07_2020,appeal to emotion
Pence,"well, susan, thank you. and let me, let me say on behalf of the president and the first lady, how moved weve all been by the outpouring of prayers and concern for the president. and i do believe its emblematic of the prayers and the concern that have ushered forth for every american impacted by the coronavirus. but the care the president received at walter reed hospital, white house doctors, was exceptional. and the transparency that they practiced all along the way will continue because the american people have a right to know about the health and wellbeing of their president. and well continue to do that. but im just extremely grateful and was more than, more than a little moved by the broad and bipartisan support. and, senator, i want to thank you and joe biden for your expressions and genuine concern. and i also want to congratulate you, as i did on that phone call, on the historic nature of your nomination.",2020-10-07,2020,2020_October_07_2020,fallacy of relevance
Harris,thank you.,2020-10-07,2020,2020_October_07_2020,None
Pence,"i never expected to be on this stage four years ago so i know the feeling. but the reality is, weve got an election before the american people, in the midst of this challenging year, and the stakes have never been higher.",2020-10-07,2020,2020_October_07_2020,appeal to emotion
Page,"thank you  thank you, vice president pence. i wanna give senator harris a chance to respond to the same question i asked, which is do voters have a right to know more detailed health information about presidential candidates, and especially about presidents, especially when theyre facing some kind of challenge?",2020-10-07,2020,2020_October_07_2020,appeal to emotion
Harris,"absolutely. and thats why joe biden has been so incredibly transparent. and certainly, by contrast, the president has not, both in terms of health records, but also lets look at taxes. we now know because of great investigative journalism that donald trump paid 750 in taxes. when i first heard about it, i literally said you mean 750,000?. and it was like no, 750. we now know donald trump owes and is in debt for 400 million. and just so everyone is clear, when we say in debt it means you owe money to somebody. and itd be really good to know who the president of the united states, the commander in chief, owes money to because the american people have a right to know what is influencing the presidents decisions. and is he making those decisions on the best interest of the american people, of you, or self interest. so, susan, im glad you asked about transparency, because it has to be across the board. joe has been incredibly transparent over many, many years. the one thing we all know about joe, he puts it all out there. he, he is honest. he is forthright. but donald trump on the other hand, has been about covering up everything.",2020-10-07,2020,2020_October_07_2020,fallacy of relevance
Pence,"thank  thanks  thank you, senator harris. i want to give you a chance to respond, vice president.",2020-10-07,2020,2020_October_07_2020,None
Pence,"well, look, i respect the fact that joe biden spent 47 years in public life. i respect your public service as well.",2020-10-07,2020,2020_October_07_2020,None
Harris,thank you.,2020-10-07,2020,2020_October_07_2020,None
Pence,"but the american people have a president who is a businessman, hes a jobcreator. hes paid tens of millions of dollars in taxes, payroll taxes, property taxes. hes created tens of thousands of american jobs. the president said those public reports are not accurate. and the president also released, literally, stacks of financial disclosures the american people can review just as the law allows. but the distinction here is that joe biden, 47 years in public service, compared to president donald trump, who brought all of that experience four years ago",2020-10-07,2020,2020_October_07_2020,false dilemma
Page,"thank you  thank you, vice president",2020-10-07,2020,2020_October_07_2020,None
Pence,"and turned this economy around by cutting taxes, rolling back regulation, unleashing american energy",2020-10-07,2020,2020_October_07_2020,false dilemma
Page,"thank you  thank you, vice president pence",2020-10-07,2020,2020_October_07_2020,None
Pence,"fighting for free and fair trade, and all of that is on the line",2020-10-07,2020,2020_October_07_2020,fallacy of relevance
Page,"thank you, vice president pence",2020-10-07,2020,2020_October_07_2020,None
Pence,if joe biden and kamala harris are in the white house.,2020-10-07,2020,2020_October_07_2020,None
Page,"you know, thats a good segue into our third topic",2020-10-07,2020,2020_October_07_2020,None
Harris,thats a great segue.,2020-10-07,2020,2020_October_07_2020,None
Page,"which is about the economy. this has been another aspect of life for americans thats been so affected by this coronavirus. we have a jobs crisis brewing. on friday, we learned that the unemployment rate had declined to 7.9 in september, but the job growth had stalled, and that was before the latest round of layoffs and furloughs in the airline industry, at disney and elsewhere. hundreds of thousands of discouraged workers have stopped looking for work. nearly 11 million jobs that existed at the beginning of the year, havent been replaced. those hardest hit include latinos, blacks and women. senator harris, the bidenharris campaign has proposed new programs to boost the economy and you would pay for that new spending by raising 4 trillion in taxes on wealthy individuals and corporations. some economists warn that could curb entrepreneurial ventures that fuel growth and create jobs. would raising taxes put the recovery at risk? and you have two minutes to answer, uninterrupted.",2020-10-07,2020,2020_October_07_2020,fallacy of relevance
Harris,"thank you. on the issue of the economy, i think there couldnt be a more fundamental difference between donald trump and joe biden. joe biden believes you measure the health and the strength of americas economy based on the health, and the strength of the american worker and the american family. on the other hand, you have donald trump, who measures the strength of the economy based on how rich people are doing. which is why he passed a tax bill benefitting the top 1 and the biggest corporations of america, leading to a 2 trillion deficit that the american people are gonna have to pay for. on day one, joe biden will repeal that tax bill. hell get rid of it. and what hell do with the money is invest it in the american people. and through a plan that is about investing in infrastructure, something that donald trump said he would do. i remember hearing about some infrastructure week, i dont think it ever happened. but joe biden will do that. hell invest in infrastructure. its about upgrading our roads and bridges, but also investing in clean energy and renewable energy. joe is gonna invest that money in what we need to do around innovation. there was a time when our country believed in science and invested in research and development so that we were an innovation leader on the globe. joe biden will use that money to invest in education. so for example, for folks who want to go to a two year community college, it will be free. if you come from a family that makes less than 125,000, youll go to a public university for free. and across the board, well make sure that if you have student loan debt its cut by 10,000. thats how joe biden thinks about the economy, which is its about investing in the people of our country, as opposed to passing a tax bill, which had the benefit of letting american corporations go offshore to do their business.",2020-10-07,2020,2020_October_07_2020,None
Page,"thank you, senator harris.",2020-10-07,2020,2020_October_07_2020,None
Harris,youre welcome.,2020-10-07,2020,2020_October_07_2020,None
Page,"vice president pence, your administration has been predicting a rapid and robust recovery, but the latest economic report suggests thats not happening. should americans be braced for an economic comeback that is going to take not months, but a year or more? you have two minutes to answer, uninterrupted.",2020-10-07,2020,2020_October_07_2020,ad hominem
Pence,"when president trump and i took office, america had gone through the slowest economic recovery since the great depression. when joe biden was vice president they tried to tax, and spend, and regulate, and bail our way back to a growing economy. president trump cut taxes, across the board. despite what senator harris says, the average american family of four had 2,000 in savings in taxes. and with the rise in wages that occurred, most predominantly for bluecollar, hardworking americans, the average household income for a family of four increased by 4,000 following president trumps tax cuts. but america, you just heard senator harris tell you, on day one joe bidens gonna raise your taxes. its really remarkable to think, susan",2020-10-07,2020,2020_October_07_2020,fallacy of relevance
Harris,thats not what i said.,2020-10-07,2020,2020_October_07_2020,None
Pence,"i mean, right after a time where were going through a pandemic that lost 22 million jobs at the height, weve already added back 11.6 million jobs because we had a president who cut taxes, rolled back regulation, unleashed american energy, fought for free and fair trade, and secured 4 trillion from the congress of the united states to give direct payments to families, saved 50 million jobs through the paycheck protection program. we literally have spared no expense to help the american people and the american worker through this. joe biden and kamala harris want to raise taxes. they want to bury our economy under a 2 trillion green new deal, which you were one of the original cosponsors of in the united states senate. they want to abolish fossil fuels and ban fracking, which would cost hundreds of thousands of american jobs all across the heartland. and joe biden wants to go back to the economic surrender to china that when we took office, half of our international trade deficit was with china alone. and joe biden wants to repeal all of the tariffs that president trump put into effect to fight for american jobs and american workers. joe biden says democracys on the ballot. make no mistake about it, susan. the american economy, the american comeback is on the ballot with four more years of growth and opportunity",2020-10-07,2020,2020_October_07_2020,false dilemma
Page,"thank you  thank you, vice president pence",2020-10-07,2020,2020_October_07_2020,None
Pence,with four more years of president donald trump. 2021 is gonna be the biggest economic year in the history of this country.,2020-10-07,2020,2020_October_07_2020,false dilemma
Page,"thank you, vice president pence  thank you, vice president pence. senator harris?",2020-10-07,2020,2020_October_07_2020,ad hominem
Harris,"well, i mean, i thought we saw enough of it in last weeks debate, but i think this is supposed to be a debate based on fact and truth. and the truth and the fact is, joe biden has been very clear. he will not raise taxes on anybody who makes less than 400,000 a year",2020-10-07,2020,2020_October_07_2020,false dilemma
Pence,he said hes going to repeal the trump tax cuts,2020-10-07,2020,2020_October_07_2020,false dilemma
Harris,mr. vice president im speaking.,2020-10-07,2020,2020_October_07_2020,None
Harris,im speaking.,2020-10-07,2020,2020_October_07_2020,None
Pence,"itd be important if you said the truth. joe biden said twice in the debate last week that hes going to repeal the trump tax cuts. that was tax cuts that gave the average working family 2,000 in a tax break every single year",2020-10-07,2020,2020_October_07_2020,false dilemma
Harris,that is  that is absolutely not true,2020-10-07,2020,2020_October_07_2020,None
Pence,"senator, thats the math",2020-10-07,2020,2020_October_07_2020,None
Harris,that tax bill,2020-10-07,2020,2020_October_07_2020,None
Pence,is he only gonna repeal part of the trump tax cuts?,2020-10-07,2020,2020_October_07_2020,false dilemma
Harris,if you dont mind letting me finish,2020-10-07,2020,2020_October_07_2020,None
Harris,we can then have a conversation. okay?,2020-10-07,2020,2020_October_07_2020,None
Harris,"okay. joe biden will not raise taxes on anyone who makes less than 400,000 a year. he has been very clear about that. joe biden will not end fracking. he has been very clear about that. joe biden is the one who during the great recession was responsible for the recovery act that brought america back. and now the trump pence administration wants to take credit when they ran when they rode the coattails of joe bidens success for the economy that they had at the beginning of their term. of course now the economy is a complete disaster, but joe biden on the one hand, did that. on the other hand you have donald trump, who has reigned over a recession that is being compared to the great depression. on the one hand you have joe biden, who was responsible with president barack obama for the affordable care act, which brought health care to over 20 million americans and protected people with preexisting conditions and what it also did is it saved those families, who otherwise were going bankrupt because of hospital bills they could not afford. on the other hand, you have donald trump who is in court right now trying to get rid of",2020-10-07,2020,2020_October_07_2020,None
Page,"thank you, senator harris",2020-10-07,2020,2020_October_07_2020,None
Harris,"trying to get rid of the affordable care act, which means that you will lose protections, if you have preexisting conditions. and i just, this is very important, susan",2020-10-07,2020,2020_October_07_2020,fallacy of relevance
Page,"yes, well we need to give  we need to give vice president",2020-10-07,2020,2020_October_07_2020,None
Harris,"and its just  he interrupted me and id like to just finish, please. if you have a preexisting condition, heart disease, diabetes, breast cancer, theyre coming for you. if you love someone who has a preexisting condition",2020-10-07,2020,2020_October_07_2020,appeal to emotion
Page,"thank you  thank you, senator harris",2020-10-07,2020,2020_October_07_2020,None
Pence,thats nonsense,2020-10-07,2020,2020_October_07_2020,None
Harris,"theyre coming for you. if you are under the age of 26 on your parents coverage, theyre coming for you.",2020-10-07,2020,2020_October_07_2020,false dilemma
Page,"senator harris, thank you.",2020-10-07,2020,2020_October_07_2020,None
Harris,youre welcome.,2020-10-07,2020,2020_October_07_2020,None
Page,let me give you a chance to respond.,2020-10-07,2020,2020_October_07_2020,None
Pence,"well i hope we have a chance to talk about health care because obamacare was a disaster and the american people remember it well. president trump and i have a plan to improve health care and to protect, protect preexisting conditions for every american. but look, senator harris, youre entitled to your own opinion but youre not entitled to your own facts",2020-10-07,2020,2020_October_07_2020,ad hominem
Harris,thats a good line.,2020-10-07,2020,2020_October_07_2020,None
Pence,"you yourself said on multiple occasions when you were running for president that you would ban fracking. joe biden looked his supporter in the eye and pointed and said i guarantee, i guarantee that we will abolish fossil fuels. we have a 2 trillion version of the green new deal, susan, that your newspaper usa today said really wasnt that very different from the original green new deal. more taxes, more regulation, banning fracking, abolishing fossil fuel, crushing american energy and economic surrender to china is a prescription for economic decline. president trump and i will keep america growing. the vshape recovery thats underway right now will continue with four more years of president donald trump in the white house.",2020-10-07,2020,2020_October_07_2020,fallacy of relevance
Page,"thank you very, very much, vice president pence. once again you provided the perfect segue to a new topic, which is climate change. and vice president pence, id like to pose the first question to you. this year weve seen recordsetting hurricanes in the south. another one, hurricane delta is now threatening the gulf. and we have seen recordsetting wildfires in the west. do you believe, as the scientific community has concluded, that manmade climate change has made wildfires bigger, hotter and more deadly? and it made hurricanes wetter, slower and more damaging? you have two minutes, uninterrupted.",2020-10-07,2020,2020_October_07_2020,fallacy of relevance
Pence,"thank you susan. well first, im very proud of our record on the environment and on conservation. according to all of the best estimates, our, our air and land are cleaner than any time ever recorded. and our water is among the cleanest in the world. and just a little while ago, the president signed the outdoors act, the largest investment in our public lands and public parks in 100 years. so, president trump has made a commitment to conservation and to the environment. now with regard to climate change, the climate is changing. but the issue is, whats the cause and what do we do about it. president trump has made it clear that were going to continue to listen to the science. now joe biden and kamala harris, would put us back in the paris climate accord. theyd impose the green new deal, which would crush american energy, would increase the energy cost of american families in their homes and literally would crush american jobs. president trump and i believe that the progress that we have made in a cleaner environment has been happening precisely because we have a strong free market economy. you know whats remarkable is the united states has reduced co2 more than the countries that are still in the paris climate accord, but weve done it through innovation. and weve done it through natural gas and fracking, which, senator, the american people can go look at the record. i know joe biden says otherwise now, as you do, but the both of you repeatedly committed to abolishing fossil fuel and banning fracking.",2020-10-07,2020,2020_October_07_2020,fallacy of relevance
Harris,thats not true.,2020-10-07,2020,2020_October_07_2020,None
Pence,"and so by creating the kind of american innovation, were actually steering toward a stronger and better environment. with regard to wildfires, president trump and i believe that forest management has to be front and center, and even governor gavin newsome from your state has agreed weve got to work on forest management. and with regard to hurricanes, the national oceanic administration tells us that actually as, as difficult as they are",2020-10-07,2020,2020_October_07_2020,fallacy of relevance
Page,"thank you  thank you, vice president",2020-10-07,2020,2020_October_07_2020,None
Pence,there are no more hurricanes today than there were 100 years ago,2020-10-07,2020,2020_October_07_2020,false dilemma
Page,thank you  thank you,2020-10-07,2020,2020_October_07_2020,None
Pence,but many of the climate alarmists use hurricanes and wildfires to try and,2020-10-07,2020,2020_October_07_2020,false dilemma
Page,"vice president pence, im sorry, your time is up  thank you, vice president pence",2020-10-07,2020,2020_October_07_2020,None
Pence,sell the bill of goods of a green new deal. and president trump and i are gonna always put american jobs and american workers first.,2020-10-07,2020,2020_October_07_2020,false dilemma
Page,"thank you, vice president pence. senator harris, as the vice president mentioned, you cosponsored the green new deal in congress, but vice president biden said in last weeks debate that he does not support the green new deal. but if you look at the biden harris campaign website it describes the green new deal as a crucial framework. what exactly would be the stance of a biden harris administration toward the green new deal? you have two minutes, uninterrupted.",2020-10-07,2020,2020_October_07_2020,None
Harris,"alright, so first of all, i will repeat, and the american people know, that joe biden will not ban fracking. that is a fact. that is a fact. i will repeat that joe biden has been very clear that he thinks about growing jobs, which is why he will not increase taxes for anyone who makes less than 400,000 a year. joe bidens economic plan  moodys, which is a reputable wall street firm  has said will create 7 million more jobs than donald trumps. and part of those jobs, that will be created by joe biden, are going to be about clean energy and renewable energy. because you see, joe understands that the west coast of our country is burning, including my home state of california. joe sees what is happening on the gulf states, which are being battered by storms. joe has seen and talked with the farmers in iowa, whose entire crops have been destroyed because of floods. and so joe believes, again, in science. ill tell you something, susan, i served, when i first got to the senate, on the committee thats responsible for the environment. do you know this administration took the word science off the website? and then took the phrase climate change off the website? this we have seen a pattern with this administration which is they dont believe in science. and joes plan is about saying were going to deal with it, but were also going to create jobs. donald trump, when asked about the wildfires in california and the question was, you know, the science is telling us this, you know what donald trump said? science doesnt know. so, lets talk about who is prepared to lead our country over the course of the next four years on what is an existential threat to us as human beings. joe is about saying were going to invest that in renewable energy, were going to be about the creation of millions of jobs, we will achieve net zero emissions by 2050, carbon neutral by 2035 joe has a plan. this has been a lot of talk from the trump administration, and really it has been to go backward instead of forward. we will also reenter the climate agreement with pride.",2020-10-07,2020,2020_October_07_2020,fallacy of relevance
Page,"senator harris just said that climate change is an existential threat. vice president pence, do you believe that climate change poses an existential threat?",2020-10-07,2020,2020_October_07_2020,fallacy of relevance
Pence,"as i said, susan, the climate is changing. well follow the science, but, once again, senator harris is denying the fact that theyre gonna raise taxes on every american. joe biden said twice in the debate last week that on day one he was going to repeal the trump tax cuts. those tax cuts delivered 2,000 in tax relief to the average family of four across america. and with regard to banning fracking, i just recommend that people look at the record. you yourself said repeatedly that you would ban fracking. you were the first senate cosponsor of the green new deal. and while joe biden denied the green new deal, susan, thank you for pointing out, the green new deal is on their campaign website. and as usa today said, its essentially the same plan as you cosponsored with aoc when she submitted it in the senate. and you just heard the senator say that shes going to resubmit america to the paris climate accord. look, the american people have always cherished our environment. we will continue to cherish it. weve made great progress reducing co2 emissions through american innovation and the development of natural gas through fracking. we dont need a massive, 2 trillion green new deal that would impose all new mandates on american businesses and american families, joe biden wants us to retrofit 4 million",2020-10-07,2020,2020_October_07_2020,fallacy of relevance
Page,"thank you  thank you, vice president pence",2020-10-07,2020,2020_October_07_2020,None
Pence,american business buildings. it makes no sense. it will cost jobs. president trump,2020-10-07,2020,2020_October_07_2020,false dilemma
Page,"thank you, vice president pence",2020-10-07,2020,2020_October_07_2020,None
Pence,hes gonna put america first. hes going to put jobs first and were gonna take care of our environment and follow the science.,2020-10-07,2020,2020_October_07_2020,false dilemma
Page,"thank you, vice president pence",2020-10-07,2020,2020_October_07_2020,None
Harris,on the issue of jobs,2020-10-07,2020,2020_October_07_2020,None
Page,senator harris,2020-10-07,2020,2020_October_07_2020,None
Harris,"lets talk about that. you, the vice president earlier referred to, as part of what he thinks is an accomplishment, the presidents trade war with china. you lost that trade war. you lost it. what ended up happening is, because of a socalled trade war with china, america lost 300,000 manufacturing jobs. farmers have experienced bankruptcy, because of it. we are in a manufacturing recession, because of it. and when we look at where this administration has been, there are estimates that by the end of the term of this administration, they will have lost more jobs than almost any other presidential administration",2020-10-07,2020,2020_October_07_2020,fallacy of relevance
Harris,"and the american people know what im talking about. you know. i think about 20yearolds, you know we have a 20yearold, 20somethingyearold, who are coming out of high school and college right now and youre wondering, is there going to be a job there for me?. were looking at people who are trying to figure out how theyre going to pay rent by the end of the month. almost half of american renters are worried about whether theyre going to be able to pay rent by the end of the month. this is where the economy is in america right now and it is because of the catastrophe and the failure of leadership of this administration.",2020-10-07,2020,2020_October_07_2020,fallacy of relevance
Page,"thank you, senator harris. vice president pence, let me give you just 15 seconds to respond because then i want to move on.",2020-10-07,2020,2020_October_07_2020,fallacy of relevance
Pence,"well, id love to respond. look, lost the trade war with china? joe biden never fought it. joe biden has been a cheerleader for communist china through over the last several decades. and, and again, senator harris, youre entitled to your opinion, youre not entitled to your own facts. when joe biden was vice president, we lost 200,000 manufacturing jobs and president obama said they were never coming back. he said we needed a magic wand to bring them back. in our first three years, after we cut taxes, rolled back regulation",2020-10-07,2020,2020_October_07_2020,fallacy of relevance
Page,"thank you, vice president pence",2020-10-07,2020,2020_October_07_2020,None
Pence,"unleashed american energy, this administration saw 500,000 manufacturing jobs created",2020-10-07,2020,2020_October_07_2020,false dilemma
Page,"thank you, vice president pence",2020-10-07,2020,2020_October_07_2020,None
Pence,and thats exactly the kind of growth were going to continue to see as we bring our nation through this pandemic,2020-10-07,2020,2020_October_07_2020,false dilemma
Page,"thank you, vice president pence  thank you, vice president pence",2020-10-07,2020,2020_October_07_2020,None
Pence,"your green new deal, your massive new mandates, your paris climate accord, its gonna kill jobs this time just like it killed jobs in the last administration.",2020-10-07,2020,2020_October_07_2020,false dilemma
Harris,"susan, i just need to respond very briefly, please.",2020-10-07,2020,2020_October_07_2020,None
Page,15 seconds and then well move on.,2020-10-07,2020,2020_October_07_2020,None
Harris,thank you. thank you. joe biden is responsible for saving americas auto industry and you voted against it. so lets set the record straight. thank you.,2020-10-07,2020,2020_October_07_2020,false dilemma
Page,"id like to talk about china. we have, as our next topic, we have no more complicated or consequential foreign relationship than the one with china. it is a huge market for american agricultural goods. its a potential partner in dealing with climate change and north korea. and in a video tonight, president trump again blamed it for the coronavirus, saying china will pay. vice president pence, how would you describe our, our fundamental relationship with china? competitors? adversaries? enemies? you have two minutes.",2020-10-07,2020,2020_October_07_2020,appeal to emotion
Pence,"thank you susan. well let me, before i leave that, let me, let me speak to voting records, if i can. you know, everybody knows that nafta caused literally thousands of american factories to close. we saw automotive jobs go south of the border. president trump fought to renegotiate nafta, and the united states, mexico, canada agreement is now the law of the land. american people deserve to know senator kamala harris was one of only 10 members of the senate to vote against the usmca. it was a huge win for american auto workers. it was a huge win for american farmers, especially dairy in the upper midwest. but, senator, you said it didnt go far enough on climate change, that you put your, your radical environmental agenda ahead of american auto workers and ahead of american jobs. i think the american people deserve to know that. its probably why newsweek magazine said that, that kamala harris was the most liberal member of the united states senate in 2019, more liberal than bernie sanders, more, more liberal than any of the others in the united states senate. so, now with regard to china, susan, first and foremost  china is to blame for the coronavirus. and president trump is not happy about it. hes made that very clear. he made it clear again today. china and the world health organization did not play straight with the american people. they did not let our personnel into china to get information on the coronavirus until the middle of february. fortunately, president trump, in dealing with china from the outset of this administration  standing up to china, that had been taking advantage of america for decades  in the wake of joe bidens cheerleading for china, president trump made that decision before the end of january to suspend all travel from china. and again, the american people deserve to know, joe biden opposed president trumps decision to suspend all travel from china. he said it was hysterical, he said it was xenophobic",2020-10-07,2020,2020_October_07_2020,fallacy of relevance
Page,"thank you, vice president pence  vice president pence, your time is up",2020-10-07,2020,2020_October_07_2020,false dilemma
Pence,but president trump has stood up to china and will continue to stand strong.,2020-10-07,2020,2020_October_07_2020,false dilemma
Page,"thank you, vice president pence",2020-10-07,2020,2020_October_07_2020,None
Pence,"we want to improve the relationship, but were going to level the playing field and were going to hold china accountable for what they did to america with the coronavirus.",2020-10-07,2020,2020_October_07_2020,false dilemma
Page,"thank you. senator harris, let me ask you the same question that i asked the vice president. how would you describe our fundamental relationship with china? are we competitors, adversaries, enemies? youll have two minutes, uninterrupted.",2020-10-07,2020,2020_October_07_2020,None
Harris,"susan, the trump administrations perspective, and approach to china has resulted in the loss of american lives, american jobs and americas standing. there is a weird obsession that president trump has had with getting rid of whatever accomplishment was achieved by president obama and vice president biden. for example, they created, within the white house, an office that basically was responsible for monitoring pandemics. they got away, they got rid of it.",2020-10-07,2020,2020_October_07_2020,fallacy of relevance
Harris,"there was a team of disease experts that president obama and vice president biden dispatched to china to monitor what is now predictable and what might happen. they pulled them out. we now are looking at 210,000 americans who have lost their lives. lets look at the job situation we mentioned before, the trade deal  the trade war, they wanted to call it  with china. it resulted in the loss of over 300 manufacturing jobs, and a manufacturing recession, and the american consumer paying thousands of dollars more for goods, because of that failed war, that they called it. and lets talk about standing. pew, a reputable research firm, has done an analysis that shows that leaders of all of our formerly allied countries have now decided that they hold in greater esteem and respect xi jinping, the head of the chinese communist party, than they do donald trump, the president of the united states, the commander in chief of the united states. this is where we are today, because of a failure of leadership by this administration.",2020-10-07,2020,2020_October_07_2020,fallacy of relevance
Page,"senator harris, weve seen changes in the role of the united states, in terms of global leadership, over the past four years  and of course times do change. whats your definition  weve seen strains with china, of course, as the vice president mentioned, weve seen strains with our traditional allies in nato and elsewhere. what is your definition of the role of american leadership in 2020?",2020-10-07,2020,2020_October_07_2020,fallacy of relevance
Harris,"so, you know joe is  i love talking with joe about a lot of these issues, and you know, joe, i think, he said it, quite well. he says, you know, foreign policy it might sound complicated, but really its relationships, theyre  just think about it as relationships. and so we know this, in our personal, professional relationships  you gotta keep your word to your friends. got to be loyal to your friends. people who have stood with you, got to stand with them. you got to know who your adversaries are, and keep them in check. but what we have seen with donald trump is that he has betrayed our friends and embraced dictators around the world. lets take for example, russia. so, russia  i serve on the intelligence committee of the united states senate. americas intelligence community told us russia interfered in the election of the president of the united states in 2016 and is playing in 2020. christopher wray, the director of the fbi, said the same, but donald trump, the commander in chief of the united states of america prefers to take the word of vladimir putin over the word of the american intelligence community. you look at our friends at nato. he has walked away from agreements  you can look at the iran nuclear deal, which now has put us in a position where we are less safe, because they are building up what might end up being a significant nuclear arsenal. we were in that deal, guys, we were in the iran nuclear deal with friends, with allies around the country, and because of donald trumps unilateral approach to foreign policy, coupled with his isolationism, he pulled us out and has made america less safe. so susan, its about relationships. and the thing that has always been part of the strength of our nation, in addition to our great military, has been that we keep our word. but donald trump doesnt understand that, because he doesnt understand what it means to be honest.",2020-10-07,2020,2020_October_07_2020,fallacy of credibility
Page,"thank you. thank you. thank you, senator harris. vice president pence, let me give you a chance to respond.",2020-10-07,2020,2020_October_07_2020,None
Pence,"well, thank you. well, president trump kept his word when we moved the american embassy to jerusalem, the capital of the state of israel. when joe biden was vice president, they promised to do that and never did. weve stood strong with our allies, but weve been demanding. nato is now contributing more to our common defense than ever before. thanks to president trumps leadership, weve strengthen our alliances across the asia pacific. and weve stood strong against those who would do us harm. you know when president trump came into office, isis had captured an area of the middle east, the size of pennsylvania. president trump unleashed the american military, and our armed forces destroyed the isis caliphate and took down their leader al baghdadi without one american casualty. al baghdadi was responsible for the death of thousands. but notably, americas hearts today are with the family of kayla mueller, the parents of which are here with us tonight in salt lake city. today, two of the isis killers responsible for kayla muellers murder, were brought to justice in the united states. jihadi john was killed on the battlefield, along with the other few. the reality is that when joe biden was vice president, we had an opportunity to save kayla mueller. breaks my heart to reflect on it, but the military came into the oval office, presented a plan. they said they knew where kayla was. baghdadi had held her for 18 months, abused her mercilessly before they killed her. but when joe biden was vice president, they hesitated for a month. and when armed forces finally went in, it was clear shed been moved two days earlier, and her family says  with a heart that broke the heart of every american  that if president donald trump had been president, they believe kayla would be alive today.",2020-10-07,2020,2020_October_07_2020,appeal to emotion
Page,"thank you, vice president.",2020-10-07,2020,2020_October_07_2020,None
Pence,"we destroyed the isis caliphate. and you talk about reentering the iran nuclear deal. i mean, the last administration transferred 1.8 billion to the leading state sponsor of terrorism",2020-10-07,2020,2020_October_07_2020,false dilemma
Page,"thank you, vice president.",2020-10-07,2020,2020_October_07_2020,None
Pence,"president donald trump got us out of the deal, and when qasim soleimani was traveling to baghdad, to do harm to americans, president donald trump took him out. and america is safer, our allies are safer and the american people should know",2020-10-07,2020,2020_October_07_2020,false dilemma
Page,"thank you, vice president. i would like to give senator harris a chance to respond, but not at such great length because of course there are other topics we want to talk about.",2020-10-07,2020,2020_October_07_2020,fallacy of relevance
Harris,but i would like equal time.,2020-10-07,2020,2020_October_07_2020,None
Pence,yes. please go ahead.,2020-10-07,2020,2020_October_07_2020,None
Harris,"first of all, to the mueller family, i know about your daughters case, and im so sorry. im so sorry. what happened to her is awful. and it should have never happened. and i know joe feels the same way. and i know that president obama feels the same way. but you mentioned soleimani. lets start there. so, after the strike on soleimani, there was a counter strike on our troops in iraq. and they suffered serious brain injuries, and do you know what donald trump dismissed them as? headaches. and this is about a pattern of donald trumps, where he has referred to our men who are serving in our military, as suckers and losers. donald trump, who went to arlington cemetery, and stood above the graves of our fallen heroes and said, whats in it for them? because, of course, you know he only thinks about whats in it for him. lets take what he said about john mccain. a great american hero. and donald trump says he doesnt deserve to be called a hero because he was a prisoner of war. take  and this is, this is very important. when you want to talk about who is the current commander in chief, and what they care about and what they dont care about. public reporting that russia had bounties on the heads of american soldiers, and you know what a bounty is? somebody puts a price on your head, and they will pay it if you are killed. and donald trump had talked at least six times to vladmir putin, and never brought up the subject. joe biden would never do that. joe biden  joe biden would hold russia to account for any threat to our nations security or to our troops who are sacrificing their lives for the sake of our democracy and our safety.",2020-10-07,2020,2020_October_07_2020,fallacy of relevance
Page,"thank you, senator harris. this is such an important issue, but we have other important issues as well and i want to make sure we have a chance.",2020-10-07,2020,2020_October_07_2020,None
Pence,i really have to respond to that. she has,2020-10-07,2020,2020_October_07_2020,None
Page,"fifteen seconds, because",2020-10-07,2020,2020_October_07_2020,None
Pence,"well, ive got to have more than that.",2020-10-07,2020,2020_October_07_2020,None
Page,"im sorry, mr. vice president, youve had more time than shes had, so far",2020-10-07,2020,2020_October_07_2020,false dilemma
Pence,the slanders against president donald trump regarding men and women of our armed forces are absurd.,2020-10-07,2020,2020_October_07_2020,false dilemma
Page,"im sorry, vice president pence",2020-10-07,2020,2020_October_07_2020,None
Pence,"my son is a captain in the united states marine corps, my son in law is deployed in the united states navy. i can assure all of you with sons and daughters serving in our military, president donald trump not only respects but reveres all of those who served in our armed forces, and any suggestion otherwise is ridiculous. let me also say",2020-10-07,2020,2020_October_07_2020,fallacy of relevance
Page,"vice president pence. vice president pence. i didnt  vice president pence  i did not create the rules for tonight. your campaigns agreed to the rules for tonights debate, with the commission on presidential debates. im here to enforce them, which involves moving from one topic to another, giving roughly equal time to both of you, which is what im trying very hard to do. so i want to go ahead and move to the next topic, which is an important one, as the last topic was, and that is the supreme court. on monday, the senate judiciary committee is scheduled to open hearings on amy coney barretts nomination to the supreme court. senator harris, youll be there as a member of the committee. her confirmation would cement the courts conservative majority, and make it likely open to more abortion restrictions, even to overturning the landmark roe v wade ruling. access to abortion would then be up to the states. vice president pence, youre the former governor of indiana. if roe v wade is overturned, what would you want indiana to do? would you want your home state to ban all abortions? you have two minutes, uninterrupted.",2020-10-07,2020,2020_October_07_2020,fallacy of relevance
Pence,"well thank you for the question, but ill use a little bit of my time to respond to that very important issue before. the american people deserve to know, quasem soleimani, the iranian general, was responsible for the death of hundreds of american servicemembers. when the opportunity came, we saw him headed to baghdad to kill more americans, president trump didnt hesitate and quasem soleimani is gone. but you deserve to know that joe biden and kamala harris actually criticized the decision to take out quasem soleimani. its really inexplicable, but with regard to joe biden its explainable, because history records that joe biden actually opposed the raid against osama bin laden. its absolutely essential that we have a commander in chief who will not hesitate to act to protect american lives and to protect american servicemembers, and thats what you have in president donald trump. now with regard to the supreme court of the united states. let me say, president trump and i could not be more enthusiastic about the opportunity to see judge amy coney barrett become justice amy coney barrett. shes a brilliant woman, and she will bring a lifetime of experience and a sizable american family, to the supreme court of the united states. and our hope is, in the hearing next week, unlike justice kavanaugh received with treatment from you and others. we hope she gets a fair hearing. and we particularly hope that we dont see the kind of attacks on her christian faith that we saw before. democratic chairman of the judiciary committee before, when judge barrett was being confirmed for the court of appeals, expressed concern that the dogma of her faith lived loudly in her. dick durbin of illinois said that it was a concern. senator, i know one of our judicial nominees, you actually attacked because they were a member of the catholic knights of columbus, just because the knights of columbus holds prolife views.",2020-10-07,2020,2020_October_07_2020,fallacy of relevance
Page,"thank you. thank you, vice president pence, your time is up.",2020-10-07,2020,2020_October_07_2020,None
Pence,"my hope is that when the hearing takes place, that judge amy coney barrett will be respected",2020-10-07,2020,2020_October_07_2020,fallacy of relevance
Page,thank you vice president.,2020-10-07,2020,2020_October_07_2020,None
Pence,treated respectfully and voted and confirmed to the supreme court of united states.,2020-10-07,2020,2020_October_07_2020,None
Page,"senator harris, youre the senator from and former attorney general of california. so let me ask you a parallel question to the one i posed to the vice president. if roe v wade is overturned, what would you want california to do? would you want your home state to enact no restrictions on access to abortion? and you have two minutes, uninterrupted.",2020-10-07,2020,2020_October_07_2020,fallacy of relevance
Pence,"thank you, susan. first of all, joe biden and i are both people of faith. and its insulting to suggest that we would knock anyone for their faith, and in fact, joe if elected will be only the second practicing catholic, as president of the united states. on the issue of this nomination  joe and i are very clear, as are the majority of the american people. we are 27 days before the decision about who will be the next president of the united states. and you know before, when this conversation has come up, you know its been about election year or election time. were literally in an election. over 4 million people have voted. people are in the process of voting right now. and so joe has been very clear, as the american people are let the american people fill that seat in the white house, and then well fill that seat on the united states supreme court. and to your point, susan, the issues before us couldnt be more serious. theres the issue of choice, and i will always fight for a womans right to make a decision about her own body. it should be her decision and not that of donald trump, and the vice president, michael pence. but lets also look at what else is before the court. its the affordable care act. like, literally in the midst of a public health pandemic  when over 210,000 people have died and 7 million people probably have what will be in the future considered a preexisting condition because you contracted the virus  donald trump is in court right now trying to get rid of the affordable care act. and ive said it before and it bears repeating this means that there will be no more protections, if they win, for people with preexisting conditions. this means that over 20 million people will lose your coverage. it means that if youre under the age of 26, you cant stay on your parents coverage anymore. and heres the thing. the contrast couldnt be more clear. theyre trying to get rid of the affordable care act. joe biden is saying lets expand coverage, lets give you a choice of a public option or private coverage, lets bring down premiums, lets lower medicare eligibility to 60. thats true leadership.",2020-10-07,2020,2020_October_07_2020,appeal to emotion
Page,"you know, you mentioned earlier, vice president pence, that the president was committed to maintaining protections for people with preexisting conditions and  but you do have this court case that you are supporting, your administration is supporting, that would strike down the affordable care act. the president says, president trump says, that hes going to protect people with preexisting conditions, but he has not explained how he will do that. and that was one of the toughest nuts to crack, when they were passing the affordable care act. so, tell us, specifically  how would your administration protect americans with preexisting conditions, have access to affordable insurance if the affordable care act is struck down.",2020-10-07,2020,2020_October_07_2020,appeal to emotion
Pence,"well, thank you, susan. let me just say, addressing your very first question, i couldnt be more proud to serve as vice president to a president who stands without apology for the sanctity of human life. im prolife. i dont apologize for it. and this is another one of those cases where theres such a dramatic contrast. joe biden and kamala harris support taxpayer funding of abortion, all the way up to the moment of birth, lateterm abortion. they want to increase funding to planned parenthood of america. now for our part, i would never presume how judge amy coney barrett would rule on the supreme court of the united states but well continue to stand strong for the right to life. when you speak about the supreme court, though, i think the american people really deserve an answer, senator harris. are you and joe biden gonna pack the court if judge amy coney barrett is confirmed? i mean, there have been 29 vacancies on the supreme court during presidential election years, from george washington to barack obama. presidents have nominated in all 29 cases. but your party is actually openly advocating adding seats to the supreme court, which has had nine seats for 150 years, if you dont get your way. this is a classic case of if you cant win by the rules, youre going to change the rules. now youve refused to answer the question, joe biden has refused to answer the question. i think the american people would really like to know. if judge amy coney barrett is confirmed to the supreme court of the united states, are you and joe biden, if somehow you win this election, going to pack the supreme court to get your way?",2020-10-07,2020,2020_October_07_2020,ad hominem
Harris,im so glad we went through a little history lesson. lets do that a little more. in 1864,2020-10-07,2020,2020_October_07_2020,fallacy of relevance
Pence,"well, id like you to answer the question.",2020-10-07,2020,2020_October_07_2020,None
Harris,"mr. vice president, im speaking. im speaking. in 1864, one of the, i think, political heroes  certainly of the president, and i assume of you also, mr. vice president  is abraham lincoln. abraham lincoln was up for reelection, and it was 27 days before the election, and a seat became open on the united states supreme court. abraham lincolns party was in charge, not only in the white house, but the senate. but honest abe said its not the right thing to do. the american people deserve to make the decision about who will be the next president of the united states, and then that person can select who will serve for a lifetime on the highest court of our land. and so joe and i are very clear the american people are voting right now. and it should be their decision about who will serve on this most important body for a lifetime.",2020-10-07,2020,2020_October_07_2020,appeal to emotion
Page,"thank you, senator harris and",2020-10-07,2020,2020_October_07_2020,None
Pence,"well, susan. people are voting right now. theyd like to know if you and joe biden are gonna pack the supreme court if you dont get your way in this nomination.",2020-10-07,2020,2020_October_07_2020,false dilemma
Harris,lets talk about packing,2020-10-07,2020,2020_October_07_2020,None
Pence,"once again, you gave a nonanswer, joe biden gave a nonanswer.",2020-10-07,2020,2020_October_07_2020,ad hominem
Harris,im trying to answer you now.,2020-10-07,2020,2020_October_07_2020,None
Pence,"the people deserve a straight answer. and if you havent figured it out yet, the straight answer is they are going to pack the supreme court if they somehow win this election. i gotta tell you, people across this country, if you cherish our supreme court, if you cherish the separation of powers, you need to reject the bidenharris ticket come november the third and reelect president donald trump. we will stand by that separation powers and a nine seat supreme court.",2020-10-07,2020,2020_October_07_2020,false dilemma
Harris,lets talk about packing the court then. lets talk about.,2020-10-07,2020,2020_October_07_2020,None
Harris,"yeah, im about to. so, the trumppence administration has been  because i sit on the senate judiciary committee, susan, as you mentioned. and ive witnessed the appointments, for lifetime appointments to the federal courts, district courts, courts of appeal  people who are purely ideological people who have been reviewed by legal professional organizations and found to have been not competent, are substandard. and do you know that of the 50 people who president trump appointed to the court of appeals for lifetime appointments, not one is black? this is what theyve been doing. you want to talk about packing a court? lets have that discussion.",2020-10-07,2020,2020_October_07_2020,fallacy of relevance
Page,"all right, thank you. thank you, senator. lets go on and talk about the issue of racial justice.",2020-10-07,2020,2020_October_07_2020,None
Pence,"i just want the record to reflect, she never answered the question. maybe the next debate joe biden will answer the question. but i think the american people know the answer.",2020-10-07,2020,2020_October_07_2020,ad populum
Page,"thank you, vice president. in march, breonna taylor, a 26yearold emergency room technician in louisville, was shot and killed after police officers executing a search warrant on a narcotics investigation broke into her apartment. the police said they identified themselves. taylors boyfriend said he didnt hear them do that. he used a gun registered to him to fire a shot, which wounded an officer. the officers then fired more than 20 rounds into the apartment. they say they were acting in selfdefense. none of them have been indicted in connection with her death. senator harris, in the case of breonna taylor, was justice done? you have two minutes.",2020-10-07,2020,2020_October_07_2020,fallacy of relevance
Harris,"i dont believe so, and ive talked with breonnas mother, tamika palmer, and her family, and her family deserves justice. she was a beautiful young woman. she had as her life goal to become a nurse, and she wanted to become an emt to first learn whats going on out on the street, so she could then become a nurse and save lives. and her life was taken, unjustifiably and tragically and violently. and it just, it brings me to, you know, the eight minutes and 46 seconds that america witnessed, during which an american man was tortured and killed under the knee of an armed, uniformed police officer. and people around our country, of every race, of every age, of every gender  perfect strangers to each other  marched shoulder to shoulder, arm and arm, fighting for us to finally achieve that ideal of equal justice under law. and i was a part of those peaceful protests. and i believe strongly that, first of all, we are never going to condone violence, but we always must fight for the values that we hold dear, including the fight to achieve our ideals. and thats why joe biden and i have said on this subject, look, and im a former career prosecutor. i know what im talking about. bad cops are bad for good cops. we need reform of our policing in america and our criminal justice system, which is why joe and i will immediately ban chokeholds and carotid holds. george floyd would be alive today if we did that. we will require a national registry for police officers who break the law, we will  on the issue of criminal justice reform  get rid of private prisons and cash bail and we will decriminalize marijuana, and we will expunge the records of those who have been convicted of marijuana. this is a time for leadership. on a tragic, tragic issue",2020-10-07,2020,2020_October_07_2020,fallacy of relevance
Page,"thank you, senator. thank you, senator harris. vice president pence, let me pose the same question to you. in the case of breonna taylor, was justice done? you have two minutes, uninterrupted.",2020-10-07,2020,2020_October_07_2020,None
Pence,"well our heart breaks for the loss of any innocent american life, and the family of breonna taylor has our sympathies. but i trust our justice system, a grand jury that reviews the evidence. and it really is remarkable, that as a former prosecutor, you would assume that in a panel grand jury, looking at all the evidence, got it wrong. but youre entitled to your opinion, senator. and with regard to george floyd, theres no excuse for what happened to george floyd. justice will be served. but theres also no excuse for the rioting and looting that followed. i mean, it really is astonishing. flora westbrook is with us here tonight in salt lake city. just a few weeks ago, i stood at what used to be her salon, was burned to the ground. by rioters and looters. and flora is still trying to put her life back together. and i must tell ya, this, this presumption that you hear consistently from joe biden and kamala harris, that america is systemically racist. that as joe biden said, that he believes that law enforcement has an implicit bias against minorities, is a great insult to the men and women who serve in law enforcement. and i want everyone to know, who puts on the uniform of law enforcement every day, that president trump and i stand with you. it is remarkable that when senator tim scott tried to pass a police reform bill, brought together a group of republicans and democrats  senator harris, you got up and walked out of the room. and then you filibustered senator tim scotts bill on the senate floor that would have provided new accountability, new resources. but we dont have to choose between supporting law enforcement, improving public safety, and supporting our african american neighbors and all of our minorities. under president trumps leadership",2020-10-07,2020,2020_October_07_2020,ad hominem
Page,"thank you, mr. vice president",2020-10-07,2020,2020_October_07_2020,None
Pence,"we will always stand with law enforcement and well do what weve done from day one which is improve the lives of african americans. record unemployment, record investments in education",2020-10-07,2020,2020_October_07_2020,false dilemma
Page,"thank you, mr. vice president.",2020-10-07,2020,2020_October_07_2020,None
Pence,"fight for school choice, for",2020-10-07,2020,2020_October_07_2020,None
Page,senator harris.,2020-10-07,2020,2020_October_07_2020,None
Harris,"i will not sit here and be lectured by the vice president on what it means to enforce the laws of our country. i am the only one on this stage who has personally prosecuted everything from child sexual assault to homicide. im the only one on this stage who has prosecuted the big banks for taking advantage of americas homeowners. i am the only one on this stage who prosecuted forprofit colleges for taking advantage of our veterans. and the reality of this is, that we are talking about an election in 27 days where last week, the president of the united states took a debate stage in front of 70 million americans and refused to condemn white supremacists. and",2020-10-07,2020,2020_October_07_2020,appeal to emotion
Harris,"it wasnt like he didnt have a chance. he didnt do it, and then he doubled down. and then he said, when pressed, stand back. stand by. and this is a part of a pattern of donald trumps. he was  he called mexicans rapists and criminals. he instituted as his first act a muslim ban. he, on the issue of charlottesville, where people were peacefully protesting the need for racial justice, where a young woman was killed and on the other side there were neonazis carrying tiki torches shouting racial epithets, anti semitic slurs. and donald trump, when asked about it, said there were fine people on both sides. this is who we have as the president of the united states. and america, you deserve better. joe biden will be a president who brings our country together.",2020-10-07,2020,2020_October_07_2020,fallacy of relevance
Page,senator harris,2020-10-07,2020,2020_October_07_2020,None
Harris,and recognizes the beauty in our diversity and the fact that we all have so much more in common than what separates us.,2020-10-07,2020,2020_October_07_2020,appeal to emotion
Page,"vice president pence, let me give you a minute to respond.",2020-10-07,2020,2020_October_07_2020,None
Pence,"thank you, susan. i appreciate that very much. i think thats one of the things that makes people dislike the media so much in this country, susan. that you selectively edit, just like senator harris did, comments that president trump and i, and others on our side of the aisle make. senator harris conveniently omitted, after the president made comments about people on either side of the debate over monuments, he condemned the kkk, neonazis and white supremacists and has done so repeatedly. your concern that he doesnt condemn neonazis  president trump has jewish grandchildren. his daughter and soninlaw are jewish. this is a president who respects and cherishes all of the american people. but you talk about having personally prosecuted  im glad you brought up your record, senator.",2020-10-07,2020,2020_October_07_2020,false dilemma
Page,thank you.,2020-10-07,2020,2020_October_07_2020,None
Pence,"i really need to make this point. when you were da in san francisco, when you left office, african americans were 19 times more likely to be prosecuted for minor drug offenses than whites and hispanics. when you were attorney general of california, you increased the disproportionate incarceration of blacks in california. you did nothing on criminal justice reform in california. you didnt lift a finger to pass the first step back on capitol hill. the reality is, your record speaks for itself. president trump and i have fought for criminal justice, for",2020-10-07,2020,2020_October_07_2020,ad hominem
Page,"thank you, vice president pence",2020-10-07,2020,2020_October_07_2020,None
Pence,fought for educational choice and opportunities for african americans,2020-10-07,2020,2020_October_07_2020,None
Page,"thank you, sir.",2020-10-07,2020,2020_October_07_2020,None
Pence,and well do it for four more.,2020-10-07,2020,2020_October_07_2020,None
Page,"thank you. you know there is no more important issue than the final issue that were going to talk about tonight, and that is the issue of the election itself.",2020-10-07,2020,2020_October_07_2020,None
Harris,"susan, he attacked my record. i would like an opportunity to respond.",2020-10-07,2020,2020_October_07_2020,None
Page,let me give you 30 seconds because were running out of time.,2020-10-07,2020,2020_October_07_2020,None
Harris,"i appreciate that. first of all, having served as the attorney general of the state of california, the work that i did is a model of what our nation needs to do and we will be able to do under a joe biden presidency. our agenda includes what this administration has failed to do. it will be about not only instituting a ban on chokeholds and carotid holes.",2020-10-07,2020,2020_October_07_2020,fallacy of credibility
Page,thank you.,2020-10-07,2020,2020_October_07_2020,None
Harris,i would like to go through,2020-10-07,2020,2020_October_07_2020,None
Page,these are points that you made earlier in the hour and i want to talk about the election itself before we have to,2020-10-07,2020,2020_October_07_2020,None
Harris,"but i want to talk about the connection between what joe and i will do and my record, which includes  i was the first statewide officer to institute a requirement that my agents would wear body cameras and keep them on full time. we were the first to initiate a requirement that there would be a training for law enforcement on implicit bias, because yes, joe biden and i recognize that implicit bias does exist, mr. vice president, contrary to what you may believe. we did the work of instituting reforms that were about investing in reentry. this is the work that we have done and the work we will do going forward and, again, i will not be lectured by the vice president, on our record of what we have done in terms of law enforcement and keeping our community safe and a commitment to reforming the criminal justice system of america.",2020-10-07,2020,2020_October_07_2020,fallacy of credibility
Page,"thank you, senator harris, and id like to pose the  id like you to respond first to the question on our final topic, the election itself. president trump has, several times, refused to commit himself to a peaceful transfer of power after the election. if your ticket wins and president trump refuses to accept a peaceful transfer of power, what steps would you and vice president biden then take? what would happen next? you have two minutes.",2020-10-07,2020,2020_October_07_2020,fallacy of relevance
Harris,"so, ill tell you. joe and i are particularly proud of the coalition that weve built around our campaign. we probably have one of the broadest coalitions of folks that youve ever seen in a presidential race. of course we have the support of democrats, but also independents and republicans, in fact, seven members of president george w. bushs cabinet are supporting our ticket. we have the support of colin powell, cindy mccain, john kasich, over 500 generals, retired generals, and former national security experts and advisors are supporting our campaign. and i believe they are doing that because they know that joe biden has a deep, deep seated commitment to fight for our democracy, and to fight for the integrity of our democracy, and to bring integrity back to the white house. and so, we believe in the american people. we believe in our democracy. and heres what id like to say to everybody vote. please vote, vote early, come up with a plan to vote, go to iwillvote.com. you can also go to joe biden.com. we have it within our power in these next 27 days to make the decision about what will be the course of our country for the next four years. and it is within our power, and if we use our vote, and we use our voice, we will win. and we will not let anyone subvert our democracy, with what donald trump has been doing as he did on the debate stage last week, when again in front of 70 million people, he openly attempted to suppress the vote. joe biden, on the other hand, on that same debate stage  because clearly donald trump doesnt think he can run on a record because its a failed record  joe biden on that stage, said, hey, just please vote. so ill repeat what joe said. please vote.",2020-10-07,2020,2020_October_07_2020,appeal to emotion
Page,"thank you, senator. vice president pence, president trump has several times refused to commit himself to a peaceful transfer of power after the election. if vice president biden is declared the winner and president trump refuses to accept a peaceful transfer of power, what would be your role and responsibility as vice president? what would you personally do? you have two minutes.",2020-10-07,2020,2020_October_07_2020,false dilemma
Pence,"well, susan, first and foremost, i think were gonna win this election. because while joe biden and kamala harris rattle off a long litany, the establishment in washington dc and the establishment joe bidens been a part of for 47 years. president donald trump has launched a movement of everyday americans from every walk of life. and i have every confidence that the same americans that delivered that historic victory in 2016, they see this presidents record, where we rebuild our military, we revived our economy through tax cuts and rolling back regulation, fighting for fair trade, unleashing american energy. we appointed conservatives to our federal courts at every level. and we stood with the men and women of law enforcement every single day, and i think, i think that movement of americans has only grown stronger in the last four years. when you talk about accepting the outcome of the election, i must tell you, senator, your party has spent the last three and a half years trying to overturn the results of the last election. its amazing. when joe biden was vice president of the united states, the fbi actually spied on president trump and my campaign. i mean there were documents released this week that the cia actually made a referral to the fbi documenting that those allegations were coming from the hillary clinton campaign, and of course, weve all seen the avalanche with the  what, what you put the country through, for the better part of three years, until it was found that there was no obstruction, no collusion, case closed. and then senator harris, you and your colleagues in the congress tried to impeach the president of the united states, over a phone call. and now hillary clinton has actually said to joe biden that under, in her words, under no circumstances should he concede the election. so let me just say, i think were gonna win this election. president trump and i are fighting every day in courthouses to prevent joe biden and kamala harris from changing the rules and creating this universal mailin voting, thatll create a massive opportunity for voter fraud. we have a free and fair election we know were going to have confidence in it. and i believe in all my heart that president donald trumps gonna be reelected for four more years.",2020-10-07,2020,2020_October_07_2020,ad hominem
Page,"you know ive, ive asked  ive written all the questions that ive asked tonight, but for the final question of the debate, id like to read a question that someone else wrote. the utah debate commission asked students in the state to write essays about what they would like to ask you. and i want to close tonights debate with the question posed by brecklynn brown. shes an eighth grader at springville junior high in springville, utah, and heres what she wrote. quote  when i watch the news, all i see is arguing between democrats and republicans. when i watch the news, all i see is citizen fighting against citizen. when i watch the news, all i see are two candidates from opposing parties, trying to tear each other down. if our leaders cant get along, how are the citizens supposed to get along? and then she added, your examples could make all the difference to bring us together  end quote. so to each of you, in turn, id like you to take one minute, and respond to brecklynn. vice president pence, you have one minute.",2020-10-07,2020,2020_October_07_2020,appeal to emotion
Pence,"brecklynn, its a wonderful question. and let me just commend you for taking an interest in public life. i started following the news when i was very young. and in america, we believe in a free and open exchange of debate. and we celebrate that, and its how weve created literally the freest and most prosperous nation in the history of the world. i would tell you that  dont assume that what youre seeing on your local news networks is synonymous with the american people. you know, i look at the relationship between justice ruth bader ginsburg, the late justice who we just lost from the supreme court, and the late justice antonin scalia. they were on polar opposites, on the supreme court of the united states  one very liberal, one very conservative. but whats been learned since her passing was the two of them and their families were the very closest of friends. here in america, we can disagree, we can debate vigorously as senator harris and i have on this stage tonight. but when the debate is over, we come together as americans. and thats what people do in big cities and small towns all across this country, so i just want to encourage you, brecklynn, i want to tell you that were going to work every day to have a government as good as our people, the american people, each and every day. we love a good debate. we love a good argument. but we always come together and are always there for one another in times of need. and weve especially learned that through the difficulties of this year.",2020-10-07,2020,2020_October_07_2020,fallacy of relevance
Page,"thank you, vice president. senator harris, what would you say to brecklynn?",2020-10-07,2020,2020_October_07_2020,None
Harris,"first of all, i love hearing from our young leaders, and when i hear her words, when i hear your words, brecklynn, i know our future is bright, because it is that perspective on who we are and who we should be  that is a sign of leadership and is something we should all aspire to be.",2020-10-07,2020,2020_October_07_2020,fallacy of relevance
Page,"thank you, senator harris, thank you, vice president pence. thank you so much for being with us tonight. we want to thank, also, the university of utah for its hospitality, and most of all our thanks to all the americans who watched this debate tonight. again, our best wishes for a quick recovery to president trump, the first lady and everyone who is battling covid19. the second presidential debate is next week on october 15, a town hall style debate in miami. we hope youll join us then. good evening.",2020-10-07,2020,2020_October_07_2020,None
Joe Biden,"how you doing, man?",2020-09-29,2020,2020_September_29_2020,None
Donald Trump,how are you doing?,2020-09-29,2020,2020_September_29_2020,None
Moderator,"gentlemen, a lot of people have been waiting for this night, so lets get going. our first subject is the supreme court. president trump, you nominated amy coney barrett over the weekend to succeed the late ruth bader ginsburg on the court. you say the constitution is clear about your obligation and the senates to consider a nominee to the court. vice president biden, you say that this is an effort by the president and republicans to jam through on an appointment in what you call an abuse of power. my first question to both of you tonight, why are you right in the argument you make and your opponent wrong? and where do you think a justice barrett would take the court? president trump, in this first segment, you go first. two minutes.",2020-09-29,2020,2020_September_29_2020,None
Donald Trump,"thank you very much, chris. i will tell you very simply. we won the election. elections have consequences. we have the senate, we have the white house, and we have a phenomenal nominee respected by all. top, top academic, good in every way. good in every way. in fact, some of her biggest endorsers are very liberal people from notre dame and other places. so i think shes going to be fantastic. we have plenty of time. even if we did it after the election itself. i have a lot of time after the election, as you know. so i think that she will be outstanding. shes going to be as good as anybody that has served on that court. we really feel that. we have a professor at notre dame, highly respected by all, said shes the single greatest student hes ever had. hes been a professor for a long time at a great school.",2020-09-29,2020,2020_September_29_2020,None
Moderator,"president trump, thank you. same question to you, vice president biden. you have two minutes.",2020-09-29,2020,2020_September_29_2020,None
Joe Biden,"well, first of all, thank you for doing this and looking forward to this, mr. president.",2020-09-29,2020,2020_September_29_2020,None
Donald Trump,"thank you, joe.",2020-09-29,2020,2020_September_29_2020,None
Joe Biden,the american people have a right to have a say in who the supreme court nominee is and that say occurs when they vote for united states senators and when they vote for the president of united states. theyre not going to get that chance now because were in the middle of an election already. the election has already started. tens of thousands of people already voted and so the thing that should happen is we should wait. we should wait and see what the outcome of this election is because thats the only way the american people get to express their view is by who they elect as president and who they elect as vice president.,2020-09-29,2020,2020_September_29_2020,None
Donald Trump,"there arent a hundred million people with preexisting conditions. as far as a say is concerned, the people already had their say. okay, justice ginsburg said very powerfully, very strongly, at some point 10 years ago or so, she said a president and the senate is elected for a period of time, but a president is elected for four years. were not elected for three years. im not elected for three years. so we have the senate, we have a president",2020-09-29,2020,2020_September_29_2020,fallacy of relevance
Joe Biden,hes elected to the next election.,2020-09-29,2020,2020_September_29_2020,None
Donald Trump,"during that period of time, during that period of time, we have an opening. im not elected for three years. im elected for four years. joe, the hundred million people is totally wrong. i dont know where you got that number. the bigger problem that you have is that youre going to extinguish 180 million people with their private health care, that theyre very happy with.",2020-09-29,2020,2020_September_29_2020,fallacy of relevance
Joe Biden,thats simply not true.,2020-09-29,2020,2020_September_29_2020,None
Donald Trump,"well, youre certainly going to socialist. youre going to socialist medicine",2020-09-29,2020,2020_September_29_2020,false dilemma
Moderator,"gentlemen, were now into open discussion.",2020-09-29,2020,2020_September_29_2020,ad hominem
Joe Biden,open discussion.,2020-09-29,2020,2020_September_29_2020,None
Moderator,"open discussion, yes, i agree. go ahead, vice president.",2020-09-29,2020,2020_September_29_2020,ad populum
Joe Biden,"number one, he knows what i proposed. what i proposed is that we expand obamacare and we increase it. we do not wipe any. and one of the big debates we had with 23 of my colleagues trying to win the nomination that i won, were saying that biden wanted to allow people to have private insurance still. they can. they do. they will under my proposal.",2020-09-29,2020,2020_September_29_2020,None
Donald Trump,thats not what youve said and its not what your party is saying.,2020-09-29,2020,2020_September_29_2020,false dilemma
Joe Biden,that is simply a lie.,2020-09-29,2020,2020_September_29_2020,None
Donald Trump,your party doesnt say it. your party wants to go socialist medicine and socialist healthcare.,2020-09-29,2020,2020_September_29_2020,false dilemma
Joe Biden,"the party is me. right now, i am the democratic party.",2020-09-29,2020,2020_September_29_2020,faulty generalization
Donald Trump,"and theyre going to dominate you, joe. you know that.",2020-09-29,2020,2020_September_29_2020,ad hominem
Joe Biden,i am the democratic party right now.,2020-09-29,2020,2020_September_29_2020,None
Donald Trump,not according to harris.,2020-09-29,2020,2020_September_29_2020,None
Joe Biden,"the platform of the democratic party is what i, in fact, approved of, what i approved of. now, heres the deal. the deal is that its going to wipe out preexisting conditions. and, by the way, the 200,000 people that have died on his watch, how many of those have survived? well, theres seven million people that contracted covid. what does it mean for them going forward if you strike down the affordable care act?",2020-09-29,2020,2020_September_29_2020,false dilemma
Donald Trump,"joe, youve had 308,000 military people dying because you couldnt provide them proper healthcare in the military. so dont tell me about this.",2020-09-29,2020,2020_September_29_2020,false dilemma
Joe Biden,im happy to talk about this.,2020-09-29,2020,2020_September_29_2020,None
Donald Trump,"and if you were here, it wouldnt be 200, it would be two million people because you were very late on the draw. you didnt want me to ban china, which was heavily infected. you didnt want me to ban europe.",2020-09-29,2020,2020_September_29_2020,ad hominem
Moderator,"all right, gentlemen, mr. president.",2020-09-29,2020,2020_September_29_2020,None
Donald Trump,"you would have been much later, joe, much later.",2020-09-29,2020,2020_September_29_2020,None
Moderator,mr. president.,2020-09-29,2020,2020_September_29_2020,None
Donald Trump,were talking about two million people.,2020-09-29,2020,2020_September_29_2020,None
Joe Biden,youre not going to be able to shut him up.,2020-09-29,2020,2020_September_29_2020,ad hominem
Moderator,"mr. president, as the moderator, we are going to talk about covid in the next segment. but go ahead.",2020-09-29,2020,2020_September_29_2020,None
Joe Biden,"let me finish. the point is that the president also is opposed to roe v. wade. thats on the ballot as well and the court, in the court, and so thats also at stake right now. and so the election is all",2020-09-29,2020,2020_September_29_2020,false dilemma
Donald Trump,you dont know whats on the ballot. why is it on the ballot? why is it on the ballot? its not on the ballot.,2020-09-29,2020,2020_September_29_2020,false dilemma
Joe Biden,its on the ballot in the court.,2020-09-29,2020,2020_September_29_2020,None
Donald Trump,i dont think so.,2020-09-29,2020,2020_September_29_2020,None
Joe Biden,in the court.,2020-09-29,2020,2020_September_29_2020,None
Donald Trump,theres nothing happening there.,2020-09-29,2020,2020_September_29_2020,None
Joe Biden,donald would you just be quiet for a minute.,2020-09-29,2020,2020_September_29_2020,None
Donald Trump,you dont know her view on roe v. wade? you dont know her view.,2020-09-29,2020,2020_September_29_2020,false dilemma
Moderator,"well, all right. all right. lets talk. weve got a lot to unpack here, gentlemen. weve got a lot of time. on healthcare, and then well come back to roe v. wade.",2020-09-29,2020,2020_September_29_2020,None
Joe Biden,all right.,2020-09-29,2020,2020_September_29_2020,None
Moderator,"mr. president, the supreme court will hear a case a week after the election in which the trump administration, along with 18 state attorney generals are seeking to overturn obamacare, to end obamacare.",2020-09-29,2020,2020_September_29_2020,false dilemma
Donald Trump,thats right.,2020-09-29,2020,2020_September_29_2020,None
Moderator,you have spent the last week,2020-09-29,2020,2020_September_29_2020,None
Donald Trump,because they want to give good healthcare.,2020-09-29,2020,2020_September_29_2020,false dilemma
Moderator,"if i may ask my question, sir.",2020-09-29,2020,2020_September_29_2020,None
Joe Biden,good healthcare.,2020-09-29,2020,2020_September_29_2020,None
Moderator,"over the last four years, you have promised to repeal and replace obamacare, but you have never in these four years come up with a plan, a comprehensive plan, to replace obamacare.",2020-09-29,2020,2020_September_29_2020,false dilemma
Donald Trump,"yes, i have. of course, i have. the individual mandate.",2020-09-29,2020,2020_September_29_2020,false dilemma
Moderator,crosstalk when i finish im going to give an opportunity,2020-09-29,2020,2020_September_29_2020,None
Donald Trump,"excuse me. i got rid of the individual mandate, which was a big chunk of obamacare.",2020-09-29,2020,2020_September_29_2020,false dilemma
Moderator,thats not a comprehensive place.,2020-09-29,2020,2020_September_29_2020,None
Donald Trump,that is absolutely a big thing. that was the worst part of obamacare.,2020-09-29,2020,2020_September_29_2020,None
Moderator,"i didnt ask, sir.",2020-09-29,2020,2020_September_29_2020,None
Donald Trump,"chris, that was the worst part of obamacare.",2020-09-29,2020,2020_September_29_2020,ad hominem
Moderator,youre debating him not me. let me ask my question.,2020-09-29,2020,2020_September_29_2020,ad hominem
Donald Trump,"well, ill ask joe. the individual mandate was the most unpopular aspect of obamacare.",2020-09-29,2020,2020_September_29_2020,false dilemma
Moderator,mr. president.,2020-09-29,2020,2020_September_29_2020,None
Donald Trump,i got rid of it. and we will protect people.,2020-09-29,2020,2020_September_29_2020,None
Moderator,"mr. president, im the moderator of this debate and i would like you to let me ask my question and then you can answer.",2020-09-29,2020,2020_September_29_2020,None
Moderator,"you, in the course of these four years, have never come up with a comprehensive plan to replace obamacare, and just this last thursday you signed a largely symbolic executive order to protect people with preexisting conditions five days before this debate. so my question, sir, is what is the trump healthcare plan?",2020-09-29,2020,2020_September_29_2020,false dilemma
Donald Trump,"well, first of all, i guess im debating you, not him, but thats okay. im not surprised. let me just tell you something. theres nothing symbolic. im cutting drug prices. im going with favored nations, which no president has the courage to do because youre going against big pharma. drug prices will be coming down 80 or 90. you could have done it during your 47year period in government, but you didnt do it. nobodys done it. so were cutting healthcare.",2020-09-29,2020,2020_September_29_2020,appeal to emotion
Moderator,what about preexisting conditions?,2020-09-29,2020,2020_September_29_2020,false dilemma
Donald Trump,all of the things that weve done.,2020-09-29,2020,2020_September_29_2020,None
Joe Biden,he has not done healthcare.,2020-09-29,2020,2020_September_29_2020,false dilemma
Donald Trump,"ill give you an example. insulin, it was destroying families, destroying people, the cost. im getting it for so cheap its like water, you want to know the truth. so cheap. take a look at all of the drugs that what were doing. prescription drug prices, were going to allow our governors now to go to other countries to buy drugs because when they paid just a tiny fraction of what we do.",2020-09-29,2020,2020_September_29_2020,ad hominem
Moderator,"okay, like i say, this is open discussion.",2020-09-29,2020,2020_September_29_2020,None
Donald Trump,this is big stuff.,2020-09-29,2020,2020_September_29_2020,None
Moderator,"sir, youll be happy. im about to pick up on one of your points to ask the vice president, which is, he points out that you would like to add a public option to obamacare.",2020-09-29,2020,2020_September_29_2020,appeal to emotion
Moderator,and the argument that he makes and other republicans make is that that is going to end private insurance.,2020-09-29,2020,2020_September_29_2020,false dilemma
Joe Biden,it is not.,2020-09-29,2020,2020_September_29_2020,None
Moderator,if i start asking the question.,2020-09-29,2020,2020_September_29_2020,None
Donald Trump,"thats not what your party says, by the way.",2020-09-29,2020,2020_September_29_2020,false dilemma
Moderator,and it will end private insurance and create a government takeover of healthcare.,2020-09-29,2020,2020_September_29_2020,false dilemma
Joe Biden,"it does not. its only for those people who are so poor they qualify for medicaid they can get that free in most states, except governors who want to deny people who are poor medicaid. anyone who qualifies for medicaid would automatically be enrolled in the public option. the vast majority of the american people would still not be in that option. number one. number two.",2020-09-29,2020,2020_September_29_2020,fallacy of relevance
Donald Trump,"joe, you agreed with bernie sanders, whos far left, on the manifesto, we call it. and that gives you socialized medicine.",2020-09-29,2020,2020_September_29_2020,false dilemma
Joe Biden,"look, hey.",2020-09-29,2020,2020_September_29_2020,None
Donald Trump,are you saying you didnt agree?,2020-09-29,2020,2020_September_29_2020,None
Joe Biden,im not going to listen to him. the fact of the matter is i beat bernie sanders.,2020-09-29,2020,2020_September_29_2020,None
Donald Trump,not by much.,2020-09-29,2020,2020_September_29_2020,None
Joe Biden,i beat him by a whole hell of a lot.,2020-09-29,2020,2020_September_29_2020,false dilemma
Donald Trump,not by much.,2020-09-29,2020,2020_September_29_2020,None
Joe Biden,"im here standing facing you, old buddy.",2020-09-29,2020,2020_September_29_2020,None
Donald Trump,if pocahontas would have left two days early you would have lost every primary.,2020-09-29,2020,2020_September_29_2020,false dilemma
Joe Biden,all he knows how to do,2020-09-29,2020,2020_September_29_2020,ad populum
Donald Trump,"on super tuesday, you got very lucky.",2020-09-29,2020,2020_September_29_2020,ad hominem
Joe Biden,look hes the deal. i got very lucky. im going to get very lucky tonight as well.,2020-09-29,2020,2020_September_29_2020,false dilemma
Donald Trump,with what?,2020-09-29,2020,2020_September_29_2020,None
Joe Biden,and tonight im going to make sure.,2020-09-29,2020,2020_September_29_2020,None
Donald Trump,with what?,2020-09-29,2020,2020_September_29_2020,None
Joe Biden,"because heres the deal, heres the deal. the fact is that everything hes saying so far is simply a lie. im not here to call out his lies. everybody knows hes a liar.",2020-09-29,2020,2020_September_29_2020,false dilemma
Donald Trump,"but you agree. joe, youre the liar. you graduated last in your class not first in your class.",2020-09-29,2020,2020_September_29_2020,ad hominem
Joe Biden,"god, i want to make sure",2020-09-29,2020,2020_September_29_2020,None
Moderator,"mr. president, can you let him finish, sir?",2020-09-29,2020,2020_September_29_2020,None
Joe Biden,"no, he doesnt know how to do that.",2020-09-29,2020,2020_September_29_2020,false dilemma
Donald Trump,"youd be surprised. youd be surprised. go ahead, joe.",2020-09-29,2020,2020_September_29_2020,false dilemma
Joe Biden,"the wrong guy, the wrong night, at the wrong time.",2020-09-29,2020,2020_September_29_2020,None
Donald Trump,"listen, you agreed with bernie sanders and the manifesto.",2020-09-29,2020,2020_September_29_2020,ad hominem
Joe Biden,"there is no manifesto, number one.",2020-09-29,2020,2020_September_29_2020,None
Moderator,"please let him speak, mr. president.",2020-09-29,2020,2020_September_29_2020,None
Joe Biden,number two.,2020-09-29,2020,2020_September_29_2020,None
Donald Trump,he just lost the left.,2020-09-29,2020,2020_September_29_2020,None
Joe Biden,number two.,2020-09-29,2020,2020_September_29_2020,None
Donald Trump,"you just lost the left. you agreed with bernie sanders on a plan that you absolutely agreed to and under that plan crosstalk, they call it socialized medicine.",2020-09-29,2020,2020_September_29_2020,false dilemma
Moderator,mr. president.,2020-09-29,2020,2020_September_29_2020,None
Joe Biden,"ill tell you what, he is not for any help for people needing healthcare.",2020-09-29,2020,2020_September_29_2020,false dilemma
Donald Trump,"who is, bernie?",2020-09-29,2020,2020_September_29_2020,None
Joe Biden,"because he, in fact, already has cost 10 million people their healthcare that they had from their employers because of his recession. number one. number two, there are 20 million people getting healthcare through obamacare now that he wants to take it away. he wont ever look you in the eye and say thats what he wants to do. take it away.",2020-09-29,2020,2020_September_29_2020,false dilemma
Donald Trump,"no, i want to give them better healthcare at a much lower price, because obamacare is no good.",2020-09-29,2020,2020_September_29_2020,ad hominem
Joe Biden,he doesnt know how. he doesnt know how to do that.,2020-09-29,2020,2020_September_29_2020,ad hominem
Donald Trump,ive already fixed it.,2020-09-29,2020,2020_September_29_2020,None
Joe Biden,he has never offered a plan.,2020-09-29,2020,2020_September_29_2020,false dilemma
Donald Trump,"weve already fixed it to an extent. obamacare, as you might know but probably dont, obamacare is no good.",2020-09-29,2020,2020_September_29_2020,false dilemma
Moderator,"gentlemen, you realize if youre both speaking at the same time. let the president. go ahead, sir.",2020-09-29,2020,2020_September_29_2020,None
Donald Trump,"obamacare is no good. we made it better and i had a choice to make very early on. we took away the individual mandate. we guaranteed preexisting conditions, but took away the individual mandate. listen, this is the way it is. and that destroyed  they shouldnt even call it obamacare, then i had a choice to make, do i let my people run it really well or badly? if i run it badly, theyll probably blame him, but theyll blame me. but more importantly, i want to help people. okay. i said, youve got to run it so well. and i just had a meeting with them. they said the problem is, no matter how well you run obamacare, its a disaster. its too expensive. premiums are too high, that it doesnt work. so we do want to get rid of it. chris, we want to get rid of that and give something thats cheaper and better.",2020-09-29,2020,2020_September_29_2020,appeal to emotion
Moderator,"i understand that, sir. but i have to give you roughly equal time.",2020-09-29,2020,2020_September_29_2020,ad hominem
Moderator,"please let the vice president talk, sir.",2020-09-29,2020,2020_September_29_2020,None
Joe Biden,he has no plan for healthcare.,2020-09-29,2020,2020_September_29_2020,fallacy of relevance
Donald Trump,"of course, we do.",2020-09-29,2020,2020_September_29_2020,None
Joe Biden,"he sends out wishful thinking. he has executive orders that have no power. he hasnt lowered drug costs for anybody. hes been promising a healthcare plan since he got elected. he has none, like almost everything else he talks about. he does not have a plan. he doesnt have a plan. and the fact is this man doesnt know what hes talking about.",2020-09-29,2020,2020_September_29_2020,ad hominem
Moderator,"all right, i have one final question for you.",2020-09-29,2020,2020_September_29_2020,None
Moderator,"mr. vice president, if senate republicans, we were talking originally about the supreme court here, if senate republicans go ahead and confirm justice barrett there has been talk about ending the filibuster or even packing the court, adding to the nine justices there. you call this a distraction by the president. but, in fact, it wasnt brought up by the president. it was brought up by some of your democratic colleagues in the congress. so my question to you is, you have refused in the past to talk about it, are you willing to tell the american people tonight whether or not you will support either ending the filibuster or packing the court?",2020-09-29,2020,2020_September_29_2020,false dilemma
Joe Biden,"whatever position i take on that, thatll become the issue. the issue is the american people should speak. you should go out and vote. youre voting now. vote and let your senators know how strongly you feel.",2020-09-29,2020,2020_September_29_2020,false dilemma
Donald Trump,are you going to pack the court?,2020-09-29,2020,2020_September_29_2020,false dilemma
Donald Trump,are you going to pack the court?,2020-09-29,2020,2020_September_29_2020,false dilemma
Joe Biden,"make sure you, in fact, let people know, your senators.",2020-09-29,2020,2020_September_29_2020,fallacy of relevance
Donald Trump,he doesnt want to answer the question.,2020-09-29,2020,2020_September_29_2020,None
Joe Biden,im not going to answer the question.,2020-09-29,2020,2020_September_29_2020,ad hominem
Donald Trump,why wouldnt you answer that question? you want to put a lot of new supreme court justices. radical left.,2020-09-29,2020,2020_September_29_2020,ad hominem
Joe Biden,"will you shut up, man?",2020-09-29,2020,2020_September_29_2020,ad hominem
Donald Trump,"listen, who is on your list, joe? whos on your list?",2020-09-29,2020,2020_September_29_2020,None
Moderator,"gentlemen, i think weve ended this",2020-09-29,2020,2020_September_29_2020,None
Joe Biden,this is so unpresidential.,2020-09-29,2020,2020_September_29_2020,ad hominem
Donald Trump,hes going to pack the court. he is not going to give a list.,2020-09-29,2020,2020_September_29_2020,false dilemma
Moderator,we have ended the segment. were going to move on to the second segment.,2020-09-29,2020,2020_September_29_2020,None
Joe Biden,"that was really a productive segment, wasnt it? keep yapping, man.",2020-09-29,2020,2020_September_29_2020,ad hominem
Donald Trump,"the people understand, joe.",2020-09-29,2020,2020_September_29_2020,None
Joe Biden,they sure do.,2020-09-29,2020,2020_September_29_2020,None
Donald Trump,"47 years, youve done nothing. they understand.",2020-09-29,2020,2020_September_29_2020,false dilemma
Moderator,"all right, the second subject is covid19, which is an awfully serious subject. so lets try to be serious about it. we have had more than seven million cases of coronavirus in the united states and more than 200,000 people have died. even after we produce a vaccine, experts say that it could be months or even years before we come back to anything approaching normal. my question for both of you is, based on what you have said and done so far, and what you have said you would do starting in 2021, why should the american people trust you more than your opponent to deal with this public health crisis going forward? in this case, the question goes to you first, sir. two minutes, uninterrupted.",2020-09-29,2020,2020_September_29_2020,None
Joe Biden,"good luck. 200,000 dead. as you said, over seven million infected in the united states. we, in fact, have 4 of the worlds population, 20 of the deaths. 40,000 people a day are contracting covid. in addition to that, about between 750 and 1000 people a day are dying. when he was presented with that number, he said, it is what it is. well, it is what it is because you are who you are. thats why it is. the president has no plan. he hasnt laid out anything. he knew all the way back in february how serious this crisis was. he knew it was a deadly disease. what did he do? hes on tape as acknowledging he knew it. he said he didnt tell us or give people a warning of it because he didnt want to panic the american people. you dont panic. he panicked. in addition to that, what did he do?",2020-09-29,2020,2020_September_29_2020,false dilemma
Joe Biden,he went in and we were insisting that the people we had in the ground in china should be able to go to wuhan and determine for themselves how dangerous this was. he did not even ask xi to do that.,2020-09-29,2020,2020_September_29_2020,fallacy of relevance
Joe Biden,he told us what a great job xi was doing. he said we owe him a debt of gratitude for being so transparent with us. and what did he do then? he then did nothing. he waited and waited and waited. he still doesnt have a plan.,2020-09-29,2020,2020_September_29_2020,ad hominem
Moderator,"sir, its his two minutes.",2020-09-29,2020,2020_September_29_2020,None
Donald Trump,its so wrong.,2020-09-29,2020,2020_September_29_2020,None
Joe Biden,"i laid out back in march, exactly what we should be doing. and i laid out again in july, what we should be doing. we should be providing all the protective gear possible. we should be providing the money the house has passed in order to be able to go out and get people the help they need to keep their businesses open. open schools cost a lot of money. you should get out of your bunker and get out of the sand trap in your golf course and go in the oval office and bring together the democrats and republicans and fund what needs to be done now to save lives.",2020-09-29,2020,2020_September_29_2020,false dilemma
Donald Trump,"so, if we would have listened to you.",2020-09-29,2020,2020_September_29_2020,None
Moderator,"wait, wait. you have two minutes, sir.",2020-09-29,2020,2020_September_29_2020,None
Donald Trump,"if we wouldve listened to you, the country would have been left wide open, millions of people would have died, not 200,000. and one person is too much. its chinas fault. it should have never happened. they stopped it from going in, but it was chinas fault. and, by the way, when you talk about numbers, you dont know how many people died in china. you dont know how many people died in russia. you dont know how many people died in india. they dont exactly give you a straight count, just so you understand. but if you look at what weve done, i closed it and you said, hes xenophobic. hes a racist and hes xenophobic, because you didnt think i should have closed our country. wait a minute.",2020-09-29,2020,2020_September_29_2020,false dilemma
Moderator,"sir, its his two minutes.",2020-09-29,2020,2020_September_29_2020,false dilemma
Donald Trump,"you didnt think we should have closed our country because you thought it was terrible. you wouldnt have closed it for another two months. by my doing it early, in fact, dr. fauci said, president trump saved thousands of lives. many of your democrat governors said, president trump did a phenomenal job. we worked with the governor. oh really, go take a look. the governors said i did a phenomenal job. most of them said that. in fact, people that would not be necessarily on my side said that, president trump did a phenomenal job. we did. we got the gowns. we got the masks. we made the ventilators. you wouldnt have made ventilators. and now were weeks away from a vaccine. were doing therapeutics already. fewer people are dying when they get sick. far fewer people are dying. weve done a great job.",2020-09-29,2020,2020_September_29_2020,fallacy of relevance
Donald Trump,"the only thing i havent done a good job, and thats because of the fake news, no matter what you say to them, they give you a bad press on it. its just fake news. they give you good press, they give me bad press because thats the way it is, unfortunately. but let me just say something. i dont care. ive gotten used to it. but ill tell you, joe, you could never have done the job that we did. you dont have it in your blood. you couldve never done that, joe.",2020-09-29,2020,2020_September_29_2020,false dilemma
Joe Biden,i know how to do the job. i know how to get the job done.,2020-09-29,2020,2020_September_29_2020,None
Donald Trump,"well, you didnt do very well in swine flu. h1n1, you were a disaster. your own chief of staff said you were a disaster.",2020-09-29,2020,2020_September_29_2020,false dilemma
Joe Biden,"14,000 people died, not 200,000.",2020-09-29,2020,2020_September_29_2020,fallacy of relevance
Donald Trump,"a far less lethal disease, by the way.",2020-09-29,2020,2020_September_29_2020,None
Moderator,"sir, you made a point. let him answer it.",2020-09-29,2020,2020_September_29_2020,None
Joe Biden,"and there was no one  we didnt shut down the economy. this is his economy he shut down. the reason its shut down is because, look, you folks at home. how many of you got up this morning and had an empty chair at the kitchen table because someone died of covid? how many of you are in a situation where you lost your mom or dad and you couldnt even speak to them, you had a nurse holding a phone up so you could in fact say goodbye?",2020-09-29,2020,2020_September_29_2020,appeal to emotion
Donald Trump,"we would have lost far more people, far more people. you would have been months late. youre months behind me, joe.",2020-09-29,2020,2020_September_29_2020,fallacy of relevance
Joe Biden,"his own cdc director says we could lose as many as another 200,000 people between now and the end of the year. and he said, if we just wear a mask, we can save half those numbers. just a mask. and by the way, in terms of the whole notion of a vaccine, were for a vaccine, but i dont trust him at all. nor do you. i know you dont. what we trust is a scientist.",2020-09-29,2020,2020_September_29_2020,ad hominem
Donald Trump,"you dont trust johnson  johnson, pfizer?",2020-09-29,2020,2020_September_29_2020,ad hominem
Moderator,"okay, gentlemen, gentlemen. let me move on to questions about the future because you both have touched on two of the questions im going to ask. focusing on the future first, president trump, you have repeatedly either contradicted or been at odds with some of your governments own top scientists. the week before last, the head of the centers for disease control, dr. redfield said it would be summer before the vaccine would become generally available to the public. you said that he was confused and mistaken. those were your two words. but dr. slaoui, the head of your operation warp speed, has said exactly the same thing. are they both wrong?",2020-09-29,2020,2020_September_29_2020,fallacy of relevance
Donald Trump,"well, ive spoken to the companies and we can have it a lot sooner. its a very political thing because people like this would rather make it political than save lives.",2020-09-29,2020,2020_September_29_2020,false dilemma
Donald Trump,"it is a very political thing. ive spoken to pfizer, ive spoken to all of the people that you have to speak to, moderna, johnson  johnson, and others. they can go faster than that by a lot. its become very political because the left or i dont know if i call them left, i dont know what i call them.",2020-09-29,2020,2020_September_29_2020,appeal to emotion
Moderator,"so youre suggesting that the head of your operation warp speed, dr. slaoui",2020-09-29,2020,2020_September_29_2020,ad hominem
Donald Trump,"i disagree with him. no, i disagree with both of them. and he didnt say that. he said it could be there, but it could also be much sooner. i had him in my office two days ago.",2020-09-29,2020,2020_September_29_2020,false dilemma
Moderator,"he talked about the summer, sir, before its generally available, just like dr. redfield.",2020-09-29,2020,2020_September_29_2020,false dilemma
Donald Trump,because he said its a possibility that well have the answer before november 1st. it could also be after that.,2020-09-29,2020,2020_September_29_2020,fallacy of relevance
Moderator,"im talking about when its generally available, not",2020-09-29,2020,2020_September_29_2020,None
Donald Trump,"well, were going to deliver it right away. we have the military all set up. logistically, theyre all set up. we have our military that delivers soldiers and they can do 200,000 a day. theyre going to be delivering",2020-09-29,2020,2020_September_29_2020,false dilemma
Joe Biden,this is the same man who told you,2020-09-29,2020,2020_September_29_2020,None
Donald Trump,its all set up.,2020-09-29,2020,2020_September_29_2020,None
Joe Biden,"by easter, this would be gone away. by the warm weather, itd be gone. miraculous, like a miracle. and by the way, maybe you could inject some bleach in your arm, and that would take care of it. this is the same man.",2020-09-29,2020,2020_September_29_2020,false dilemma
Donald Trump,"that was said sarcastically, and you know that. that was said sarcastically.",2020-09-29,2020,2020_September_29_2020,None
Joe Biden,"so heres the deal. this man is talking about a vaccine. every serious company is talking about maybe having a vaccine done by the end of the year, but the distribution of that vaccine will not occur until sometime beginning of the middle of next year to get it out, if we get the vaccine. and pray god we will. pray god we will.",2020-09-29,2020,2020_September_29_2020,None
Moderator,"mr. vice president, i want to pick up",2020-09-29,2020,2020_September_29_2020,None
Donald Trump,youll have the vaccine sooner than that.,2020-09-29,2020,2020_September_29_2020,false dilemma
Moderator,"i want to pick up on this question though. you say the public can trust the scientists, but they cant trust president trump. in fact, you said that again tonight. your running mate, senator harris, goes further, saying that public health experts quote, will be muzzled, will be suppressed. given the fact that polls already show that people are concerned about the vaccine and are reluctant to take it, are you and your running mate, senator harris, contributing to that fear?",2020-09-29,2020,2020_September_29_2020,false dilemma
Joe Biden,no more than the question you just asked him. you pointed out he puts pressure and disagrees with his own scientists.,2020-09-29,2020,2020_September_29_2020,None
Moderator,but youre saying you cant,2020-09-29,2020,2020_September_29_2020,false dilemma
Joe Biden,everybody knows,2020-09-29,2020,2020_September_29_2020,None
Moderator,or senator harris is saying you cant trust the scientist.,2020-09-29,2020,2020_September_29_2020,false dilemma
Joe Biden,"well, no, no. you can trust the scientist. she didnt say that. you can trust the",2020-09-29,2020,2020_September_29_2020,fallacy of relevance
Moderator,"she said that public health experts quote, will be muzzled, will be suppressed.",2020-09-29,2020,2020_September_29_2020,appeal to emotion
Joe Biden,"yes. well, thats what hes going to try to do, but theres thousands of scientists out there, like here at this great hospital that dont work for him. their job doesnt depend on him. theyre the people and by the way",2020-09-29,2020,2020_September_29_2020,None
Donald Trump,we spoke to the scientists that are in charge,2020-09-29,2020,2020_September_29_2020,None
Joe Biden,by the way,2020-09-29,2020,2020_September_29_2020,None
Donald Trump,they will have the vaccine very soon.,2020-09-29,2020,2020_September_29_2020,None
Moderator,let him finish.,2020-09-29,2020,2020_September_29_2020,None
Joe Biden,"do you believe for a moment what hes telling you in light of all the lies hes told you about the whole issue relating to covid? he still hasnt even acknowledged that he knew this was happening, knew how dangerous it was going to be back in february, and he didnt even tell you. hes on record as saying it. he panicked or he just looked at the stock market. one of the two. because guess what? a lot of people died and a lot more are going to die unless he gets a lot smarter, a lot quicker",2020-09-29,2020,2020_September_29_2020,appeal to emotion
Moderator,mr. president?,2020-09-29,2020,2020_September_29_2020,None
Donald Trump,"did you use the word smart? so you said you went to delaware state, but you forgot the name of your college. you didnt go to delaware state. you graduated either the lowest or almost the lowest in your class. dont ever use the word smart with me. dont ever use that word.",2020-09-29,2020,2020_September_29_2020,fallacy of relevance
Joe Biden,"oh, give me a break.",2020-09-29,2020,2020_September_29_2020,None
Donald Trump,"because you know what? theres nothing smart about you, joe. 47 years youve done nothing.",2020-09-29,2020,2020_September_29_2020,ad hominem
Joe Biden,"well, lets have this debate",2020-09-29,2020,2020_September_29_2020,None
Donald Trump,"let me just tell you something, joe. if you would have had the charge of what i was put through, i had to close the greatest economy in the history of our country. and by the way, now its being built again and its going up fast.",2020-09-29,2020,2020_September_29_2020,fallacy of relevance
Moderator,"well get to the economy in the next segment, sir.",2020-09-29,2020,2020_September_29_2020,None
Donald Trump,its going up fast. i look forward to talking about it.,2020-09-29,2020,2020_September_29_2020,None
Moderator,"okay. when it comes to how the virus has been handled so far, the two of you have taken very different approaches, and this is going to affect how the virus is handled going forward by whichever of you ends up becoming the next president. i want to quickly go through several of those. reopenings. vice president biden, you have been much more reluctant than president trump about reopening the economy and schools. why, sir?",2020-09-29,2020,2020_September_29_2020,false dilemma
Joe Biden,"because he doesnt have a plan. if i were running it, id know what the plan is. youve got to provide these businesses the ability to have the money to be able to reopen with the ppe, as well as with the sanitation they need. you have to provide them classic",2020-09-29,2020,2020_September_29_2020,appeal to emotion
Donald Trump,tell that to nancy pelosi.,2020-09-29,2020,2020_September_29_2020,false dilemma
Joe Biden,will he just shush for a minute?,2020-09-29,2020,2020_September_29_2020,None
Donald Trump,"tell that to nancy pelosi, and schumer crosstalk chuck.",2020-09-29,2020,2020_September_29_2020,None
Joe Biden,"nancy pelosi and schumer, they have a plan. he wont even meet with them. the republicans wont meet in the senate. he sits in his golf course. well, i mean, literally, think about it. think about it.",2020-09-29,2020,2020_September_29_2020,ad hominem
Donald Trump,"you probably play more than i do, joe.",2020-09-29,2020,2020_September_29_2020,false dilemma
Moderator,what about this question of reopenings and the fact,2020-09-29,2020,2020_September_29_2020,None
Donald Trump,"well, he wants to shut down this country and i want to keep it open, and we did a great thing by shutting it down",2020-09-29,2020,2020_September_29_2020,false dilemma
Joe Biden,you just admitted youd shut it down.,2020-09-29,2020,2020_September_29_2020,false dilemma
Donald Trump,"wait a minute, joe. let me shut you down for a second, joe, just for one second. he wants to shut down the country. we just went through it. we had to, because we didnt know anything about the disease. now weve found that elderly people with heart problems and diabetes and different problems are very, very vulnerable. we learned a lot. young children arent, even younger people arent. weve learned a lot, but he wants to shut it down. more people will be hurt by continuing. if you look at pennsylvania, if you look at certain states that have been shut down, they have democrat governors, all, one of the reasons they shut down is because they want to keep it shut down until after the election on november 3rd.",2020-09-29,2020,2020_September_29_2020,appeal to emotion
Moderator,all right. i want to move onto another,2020-09-29,2020,2020_September_29_2020,None
Donald Trump,because its a political thing.,2020-09-29,2020,2020_September_29_2020,ad hominem
Moderator,i want to move onto another subject.,2020-09-29,2020,2020_September_29_2020,None
Joe Biden,i got to respond to that.,2020-09-29,2020,2020_September_29_2020,None
Moderator,i want to move,2020-09-29,2020,2020_September_29_2020,None
Donald Trump,but those states,2020-09-29,2020,2020_September_29_2020,None
Moderator,"gentlemen, i want to move onto another subject.",2020-09-29,2020,2020_September_29_2020,None
Donald Trump,those states are not doing well that are shut down right now.,2020-09-29,2020,2020_September_29_2020,fallacy of relevance
Joe Biden,i got to respond to that.,2020-09-29,2020,2020_September_29_2020,None
Donald Trump,he wants to shut down the whole country.,2020-09-29,2020,2020_September_29_2020,false dilemma
Moderator,"president trump, you have begun to increasingly question the effectiveness of masks as a disease preventer. and in fact, recently you have cited the issue of waiters touching their masks and touching plates. are you questioning the efficacy of masks?",2020-09-29,2020,2020_September_29_2020,false dilemma
Donald Trump,"no, i think masks are okay. you have to understand, if you look i mean, i have a mask right here. i put a mask on when i think i need it. tonight, as an example, everybodys had a test and youve had social distancing and all of the things that you have to, but i wear masks",2020-09-29,2020,2020_September_29_2020,appeal to emotion
Joe Biden,just like your rally.,2020-09-29,2020,2020_September_29_2020,None
Donald Trump,"when needed. when needed, i wear masks.",2020-09-29,2020,2020_September_29_2020,None
Moderator,okay. let me ask,2020-09-29,2020,2020_September_29_2020,None
Donald Trump,"i dont wear a mask like him. every time you see him, hes got a mask. he could be speaking 200 feet away from him and he shows up with the biggest mask ive ever seen. i will say this",2020-09-29,2020,2020_September_29_2020,fallacy of relevance
Moderator,"vice president biden, go ahead, sir.",2020-09-29,2020,2020_September_29_2020,None
Joe Biden,"look, the way to open businesses is give them the wherewithal to be able to open. we provided money, the",2020-09-29,2020,2020_September_29_2020,false dilemma
Moderator,"but i was asking you, sir, about masks.",2020-09-29,2020,2020_September_29_2020,None
Joe Biden,"well, masks make a big difference. his own head of the cdc said if we just wore masks between now, if everybody wore a mask and social distanced between now and january, wed probably save up to 100,000 lives. it matters. it matters.",2020-09-29,2020,2020_September_29_2020,appeal to emotion
Donald Trump,and theyve also said the opposite. theyve also said,2020-09-29,2020,2020_September_29_2020,None
Joe Biden,no serious person has said the opposite. no serious person.,2020-09-29,2020,2020_September_29_2020,fallacy of relevance
Moderator,okay. i want to ask you,2020-09-29,2020,2020_September_29_2020,None
Donald Trump,dr. fauci. dr. fauci said the opposite.,2020-09-29,2020,2020_September_29_2020,false dilemma
Joe Biden,he did not say the opposite.,2020-09-29,2020,2020_September_29_2020,None
Moderator,"i want to ask you, weve got a little more than a minute left in this segment.",2020-09-29,2020,2020_September_29_2020,None
Donald Trump,"he said very strongly, masks are not good. then he changed his mind. he said, masks are good.",2020-09-29,2020,2020_September_29_2020,false dilemma
Moderator,i want to ask,2020-09-29,2020,2020_September_29_2020,None
Donald Trump,im okay with masks. im not fighting masks.,2020-09-29,2020,2020_September_29_2020,fallacy of relevance
Moderator,"i want to ask you both about one last subject because your different approaches has even affected the way that you have campaigned. president trump, youre holding large rallies with crowds packed together, thousands of people.",2020-09-29,2020,2020_September_29_2020,ad hominem
Moderator,"outside. yes, sir. agreed. vice president biden, you are holding much smaller events with",2020-09-29,2020,2020_September_29_2020,fallacy of relevance
Donald Trump,because nobody will show up.,2020-09-29,2020,2020_September_29_2020,false dilemma
Moderator,people with masks.,2020-09-29,2020,2020_September_29_2020,None
Donald Trump,"well, its true. nobody shows up to his rallies.",2020-09-29,2020,2020_September_29_2020,ad hominem
Moderator,"all right. in any case, why you holding the big rallies? why you not? you go first, sir.",2020-09-29,2020,2020_September_29_2020,false dilemma
Donald Trump,because people want to hear what i have to say. i mean,2020-09-29,2020,2020_September_29_2020,appeal to emotion
Moderator,but are not worried about us spreading disease?,2020-09-29,2020,2020_September_29_2020,false dilemma
Donald Trump,"ive done a great job as a president, and ill have 25, 35,000 people show up at airports. we use airports and hangers and we have a lot of people",2020-09-29,2020,2020_September_29_2020,false dilemma
Moderator,"are you not worried about the disease issues, sir?",2020-09-29,2020,2020_September_29_2020,ad hominem
Donald Trump,"well, so far we have had no problem whatsoever. its outside. thats a big difference according to the experts. we do them outside, we have tremendous crowds, as you see, and literally on 24 hours notice. and joe does the circles and has three people someplace.",2020-09-29,2020,2020_September_29_2020,fallacy of relevance
Joe Biden,"by the way, did you see one of the last big rallies he had? a reporter came up to him to ask him a question, he said, no, no, no. stand back, put on your mask, put on a mask. have you been tested? im way far away from those other people. thats what he said, im going to be okay. hes not worried about you. hes not worried about the people out there crosstalk.",2020-09-29,2020,2020_September_29_2020,appeal to emotion
Donald Trump,weve had no negative effect.,2020-09-29,2020,2020_September_29_2020,false dilemma
Joe Biden,no negative effect. come on.,2020-09-29,2020,2020_September_29_2020,None
Donald Trump,"weve had no negative effect, and weve had 35, 40,000 people at these rallies.",2020-09-29,2020,2020_September_29_2020,false dilemma
Moderator,all right. do you want to just quickly finish up? because i want to move on to our next,2020-09-29,2020,2020_September_29_2020,None
Joe Biden,"yes, i would. hes been totally irresponsible the way in which he has handled the social distancing and people wearing masks, basically encouraged them not to. hes a fool on this.",2020-09-29,2020,2020_September_29_2020,ad hominem
Donald Trump,"if you could get the crowds, you would have done the same thing. but you cant. nobody cares.",2020-09-29,2020,2020_September_29_2020,false dilemma
Moderator,"gentlemen, can we move on to the",2020-09-29,2020,2020_September_29_2020,None
Donald Trump,nobody cares.,2020-09-29,2020,2020_September_29_2020,None
Moderator,"gentlemen, can we move on to the economy?",2020-09-29,2020,2020_September_29_2020,None
Moderator,"the economy is, i think its fair to say, recovering faster than expected from the shutdown",2020-09-29,2020,2020_September_29_2020,fallacy of relevance
Donald Trump,much faster.,2020-09-29,2020,2020_September_29_2020,None
Moderator,"in the second quarter. the unemployment rate fell to 8.4 last month. the federal reserve says the hit to growth, which is going to be there, is not going to be nearly as big as they had expected. president trump, you say we are in a vshaped recovery. vice president biden, you say its more of a kshape. what difference does that mean to the american people in terms of the economy? president trump, in this segment you go first.",2020-09-29,2020,2020_September_29_2020,fallacy of relevance
Donald Trump,"so we built the greatest economy in history. we closed it down because of the china plague. when the plague came in, we closed it down, which was very hard psychologically to do. he didnt think we should close it down and he was wrong. again, two million people would be dead now instead of still, 204,000 people is too much. one person is too much. should have never happened from china. but what happened is we closed it down and now were reopening and were doing record business. we had 10.4 million people in a fourmonth period that weve put back into the workforce. thats a record the likes of which nobodys ever seen before. and he wants to close down the he will shut it down again. he will destroy this country.",2020-09-29,2020,2020_September_29_2020,false dilemma
Donald Trump,"a lot of people, between drugs and alcohol and depression, when you start shutting it down, you take a look at whats happening at some of your democratrun states where they have these tough shutdowns. and im telling you its because they dont want to open it. one of them came out last week, you saw that, oh, were going to open up on november 9th. why november 9th? because its after the election. they think theyre hurting us by keeping them closed. theyre hurting people. people know what to do. they can social distance. they can wash their hands, they can wear masks. they can do whatever they want, but they got to open these states up.",2020-09-29,2020,2020_September_29_2020,fallacy of relevance
Donald Trump,"when you look at north carolina, when you look, and these governors are under siege, pennsylvania, michigan, and a couple of others, you got to open these states up. its not fair. youre talking about almost its like being in prison. and you look at whats going on with divorce, look at whats going on with alcoholism and drugs. its a very, very sad thing. and hell close down the whole country. this guy will close down the whole country and destroy our country. our country is coming back incredibly well, setting records as it does it. we dont need somebody to come in and say, lets shut it down.",2020-09-29,2020,2020_September_29_2020,appeal to emotion
Moderator,"all right. your two minutes, sir. were now moved to you. as i said, posing the question, the president says its a vshape recovery, you say its a kshaped recovery. whats the difference?",2020-09-29,2020,2020_September_29_2020,fallacy of relevance
Joe Biden,"the difference is millionaires and billionaires like him in the middle of the covid crisis have done very well. billionaires have made another 300 billion because of his profligate tax proposal, and he only focused on the market. but you folks at home, you folks living in scranton and claymont and all the small towns and working class towns in america, how well are you doing? this guy paid a total of 750 in taxes.",2020-09-29,2020,2020_September_29_2020,ad hominem
Donald Trump,thats wrong.,2020-09-29,2020,2020_September_29_2020,None
Moderator,"sir, wait. no. sir",2020-09-29,2020,2020_September_29_2020,ad hominem
Donald Trump,crosstalk.,2020-09-29,2020,2020_September_29_2020,None
Moderator,"yeah, i understand. youve agreed to the two minutes, so please let him have it.",2020-09-29,2020,2020_September_29_2020,None
Joe Biden,"do i get my time back? the fact is that he has in fact, worked on this in a way that hes going to be the first president of the united states to leave office, having fewer jobs in his administration than when he became president. fewer jobs than when he became president. first one in american history.",2020-09-29,2020,2020_September_29_2020,false dilemma
Joe Biden,"secondly, the people who have lost their jobs are those people who have been on the front lines. those people who have been saving our lives, those people who have been out there dying. people whove been putting themselves in the way to make sure that we could all try to make it. and the idea that he is insisting that we go forward and open when you have almost half the states in america with a significant increase in covid deaths and covid cases in the united states of america, and he wants to open it up more. why is he want to open it up? why doesnt he take care of the you cant fix the economy until you fix the covid crisis. and he has no intention of doing anything about making it better for you all at home in terms of your health and your safety.",2020-09-29,2020,2020_September_29_2020,appeal to emotion
Joe Biden,"schools. why arent schools open? because it costs a lot of money to open them safely. they were going to give, his administration going to give the teachers and school students masks, and then they decided no, couldnt do that because its not a national emergency. not a national emergency. theyve done nothing to help small businesses. nothing. theyre closing. one in six is now gone. he ought to get on the job and take care of the needs of the american people so we can open safely.",2020-09-29,2020,2020_September_29_2020,false dilemma
Moderator,"all right. your time is up, sir. we are going to get to",2020-09-29,2020,2020_September_29_2020,None
Donald Trump,i have to respond to that.,2020-09-29,2020,2020_September_29_2020,None
Moderator,"well, you both had two minutes, sir.",2020-09-29,2020,2020_September_29_2020,None
Donald Trump,"excuse me, he made a statement.",2020-09-29,2020,2020_September_29_2020,None
Moderator,and so did you.,2020-09-29,2020,2020_September_29_2020,None
Donald Trump,"no, people want their schools open. they dont want to be shut down. they dont want their state shut down. they want their restaurants. i look at new york. its so sad whats happening in new york. its almost like a ghost town, and im not sure it can ever recover what theyve done to new york. people want their places open. they want to get back to their lives.",2020-09-29,2020,2020_September_29_2020,fallacy of relevance
Joe Biden,people want to be safe.,2020-09-29,2020,2020_September_29_2020,None
Donald Trump,"theyll be careful, but they want their schools open.",2020-09-29,2020,2020_September_29_2020,fallacy of relevance
Joe Biden,people want to be safe.,2020-09-29,2020,2020_September_29_2020,appeal to emotion
Donald Trump,"im the one that brought back football. by the way, i brought back big ten football. it was me and im very happy to do it",2020-09-29,2020,2020_September_29_2020,false dilemma
Moderator,all right. lets,2020-09-29,2020,2020_September_29_2020,None
Donald Trump,and people of ohio are very proud of me. and you know how i found out? when crosstalk.,2020-09-29,2020,2020_September_29_2020,None
Moderator,"gentlemen, were going to get to your economic plans going forward in a moment, but first, mr. president, as you well know, theres a new report that in 2016, the year you were elected president, and 2017, your first year as president, that you paid 750 a year in federal income tax each of those years. i know that you pay a lot of other taxes, but im asking you this specific question. is it true that you paid 750 in federal income taxes each of those two years?",2020-09-29,2020,2020_September_29_2020,false dilemma
Donald Trump,"i paid millions of dollars in taxes, millions of dollars of income tax. and let me just tell you, there was a story in one of the papers that paid",2020-09-29,2020,2020_September_29_2020,ad populum
Joe Biden,show us your tax returns.,2020-09-29,2020,2020_September_29_2020,None
Donald Trump,"i paid 38 million one year, i paid 27 million one year.",2020-09-29,2020,2020_September_29_2020,None
Joe Biden,show us your tax returns.,2020-09-29,2020,2020_September_29_2020,false dilemma
Donald Trump,"youll see it as soon as its finished, youll see it. you know, if you wanted to, go to the board of elections. theres 118 page or so report that says everything i have, every bank i have, im totally under leveraged because the assets are extremely good, and i built a great company.",2020-09-29,2020,2020_September_29_2020,false dilemma
Moderator,"sir, im asking you a specific question, which is",2020-09-29,2020,2020_September_29_2020,None
Donald Trump,but let me tell you,2020-09-29,2020,2020_September_29_2020,ad hominem
Moderator,i understand all of that.,2020-09-29,2020,2020_September_29_2020,None
Joe Biden,release your tax return.,2020-09-29,2020,2020_September_29_2020,None
Moderator,i understand all of that,2020-09-29,2020,2020_September_29_2020,None
Moderator,"no, mr. president, im asking you a question. will you tell us how much you paid in federal income taxes in 2016 and 2017?",2020-09-29,2020,2020_September_29_2020,ad hominem
Donald Trump,millions of dollars.,2020-09-29,2020,2020_September_29_2020,None
Moderator,you paid millions of dollars in,2020-09-29,2020,2020_September_29_2020,None
Donald Trump,"millions of dollars, yes.",2020-09-29,2020,2020_September_29_2020,None
Moderator,so not 750?,2020-09-29,2020,2020_September_29_2020,None
Donald Trump,millions of dollars. and youll get to see it. and youll get to see it.,2020-09-29,2020,2020_September_29_2020,None
Donald Trump,but let me just tell you,2020-09-29,2020,2020_September_29_2020,None
Joe Biden,in crosstalk?,2020-09-29,2020,2020_September_29_2020,None
Donald Trump,"chris, let me just say something, that it was the tax laws. i dont want to pay tax. before i came here, i was a private developer, i was a private business people. like every other private person, unless theyre stupid, they go through the laws, and thats what it is. he passed a tax bill that gave us all these privileges for depreciation and for tax credits. we built the building and we get tax credits, like the hotel on pennsylvania avenue. which by the way, was given to me by the obama administration, if you can believe that. now the man got fired right after that happened, but thats",2020-09-29,2020,2020_September_29_2020,appeal to emotion
Moderator,"vice president biden, you want to respond?",2020-09-29,2020,2020_September_29_2020,ad hominem
Joe Biden,"yeah, i do want to respond. look, the tax code that put him in a position that he pays less tax than on the money a school teacher makes is because of him he says hes smart because he can take advantage of the tax code. and he does take advantage of the tax code. thats why im going to eliminate the trump tax cuts. and im going to eliminate those tax cuts.",2020-09-29,2020,2020_September_29_2020,ad hominem
Donald Trump,thats okay.,2020-09-29,2020,2020_September_29_2020,None
Joe Biden,and make sure that we invest in the people who in fact need the help. people out there need help.,2020-09-29,2020,2020_September_29_2020,false dilemma
Donald Trump,but why didnt you do it over the last 25 years?,2020-09-29,2020,2020_September_29_2020,fallacy of relevance
Joe Biden,because you werent president,2020-09-29,2020,2020_September_29_2020,false dilemma
Donald Trump,why didnt you do it over the last 25 years?,2020-09-29,2020,2020_September_29_2020,false dilemma
Joe Biden,because you werent president and screwing things up.,2020-09-29,2020,2020_September_29_2020,false dilemma
Donald Trump,you were a senator and crosstalk,2020-09-29,2020,2020_September_29_2020,None
Joe Biden,youre the worst president america has ever had. come on.,2020-09-29,2020,2020_September_29_2020,ad hominem
Donald Trump,"hey, joe, let me just tell you, joe. in 47 months, ive done more than youve done in 47 years, joe. weve done things that you never even thought of doing.",2020-09-29,2020,2020_September_29_2020,false dilemma
Moderator,okay. gentlemen?,2020-09-29,2020,2020_September_29_2020,None
Donald Trump,"including fixing the broken military that you gave me, including taking care of your debts.",2020-09-29,2020,2020_September_29_2020,false dilemma
Moderator,"mr. president, were talking about the economy. id like to ask you about your plans going forward because mr. vice president, your economic plan",2020-09-29,2020,2020_September_29_2020,ad hominem
Donald Trump,he has none.,2020-09-29,2020,2020_September_29_2020,None
Moderator,"if you were to be elected president focuses a lot on big government, big taxes, big spending. i want to focus first on the taxes. you propose more than 4 trillion over a decade in new taxes on individuals making more than 400,000 a year.",2020-09-29,2020,2020_September_29_2020,false dilemma
Moderator,and on corporations. president trump says that that kind of an increase in taxes is going to hurt the economy as its just coming out of a recession.,2020-09-29,2020,2020_September_29_2020,false dilemma
Joe Biden,"well, just take a look at what is the analysis done by wall street firms, points out that my economic plan would create 7 million more jobs than his in four years, number one. and number two, it would create an additional 1 trillion in economic growth, because it would be about buying american. the federal government spends 600 billion a year on everything from ships, to steel, to buildings and the like. and under my proposal, were going to make sure that every penny of that has to be made by a company",2020-09-29,2020,2020_September_29_2020,false dilemma
Moderator,"but respectfully, sir, im talking about taxes, not spending.",2020-09-29,2020,2020_September_29_2020,None
Joe Biden,"by the way, im going to eliminate a significant number of the taxes. im going to make the corporate tax 28. it shouldnt be 21. you have 91 companies federal, i mean, the fortune 500, who dont pay a single penny in tax making billions of dollars.",2020-09-29,2020,2020_September_29_2020,appeal to emotion
Donald Trump,"why didnt you do it before, when you were vicepresident with obama?",2020-09-29,2020,2020_September_29_2020,false dilemma
Joe Biden,"because you in fact passed that, that was your tax proposal.",2020-09-29,2020,2020_September_29_2020,fallacy of relevance
Donald Trump,i got it done. and you know what happened?,2020-09-29,2020,2020_September_29_2020,None
Joe Biden,"yeah, you got it done",2020-09-29,2020,2020_September_29_2020,None
Donald Trump,our economy boomed like its never boomed before.,2020-09-29,2020,2020_September_29_2020,false dilemma
Joe Biden,the economy,2020-09-29,2020,2020_September_29_2020,None
Moderator,mr. president,2020-09-29,2020,2020_September_29_2020,None
Joe Biden,let me finish.,2020-09-29,2020,2020_September_29_2020,None
Moderator,"mr. president, let me pick up on that. you would continue your free market approach, lower taxes, more deregulation, correct?",2020-09-29,2020,2020_September_29_2020,ad hominem
Joe Biden,not lower tax for the american people.,2020-09-29,2020,2020_September_29_2020,None
Moderator,but let me,2020-09-29,2020,2020_September_29_2020,None
Donald Trump,excuse me.,2020-09-29,2020,2020_September_29_2020,None
Moderator,"you talk about the economy booming. it turns out that in obamas final three years as president more jobs were created, a million and a half more jobs, than in the first three years of your presidency.",2020-09-29,2020,2020_September_29_2020,false dilemma
Donald Trump,"they had the slowest economic recovery since 1929. it was the slowest recovery. also, they took over something that was down here. all you had to do is turn on the lights and you pick up a lot. but they had the slowest economic recovery since 1929, and let me tell you about the stock market. when the stock market goes up, that means jobs. it also means 401ks. if you got in, if you ever became president with your ideas, you want to terminate my taxes. ill tell you what, youll lose. half of the companies that have poured in here will leave. and plenty of companies that are already here, theyll leave for other places. crosstalk they will leave and you will have a depression, the likes of which youve never seen.",2020-09-29,2020,2020_September_29_2020,ad hominem
Moderator,mr. vice president.,2020-09-29,2020,2020_September_29_2020,None
Joe Biden,"we inherited the worst recession, short of a depression in american history. i was asked to bring it back. we were able to have an economic recovery that created the jobs youre talking about. we handed him a booming economy, he blew it.",2020-09-29,2020,2020_September_29_2020,false dilemma
Donald Trump,it wasnt booming.,2020-09-29,2020,2020_September_29_2020,None
Joe Biden,he blew it.,2020-09-29,2020,2020_September_29_2020,ad hominem
Donald Trump,it wasnt booming. it was the weakest recovery since 1929.,2020-09-29,2020,2020_September_29_2020,None
Moderator,"wait, wait, is it fair to say he blew it when, in fact",2020-09-29,2020,2020_September_29_2020,fallacy of relevance
Donald Trump,when covid came along.,2020-09-29,2020,2020_September_29_2020,None
Moderator,when there was record low unemployment before covid.,2020-09-29,2020,2020_September_29_2020,None
Joe Biden,"yeah, because what he did, even before covid, manufacturing went in the hole. manufacturing went in a hole",2020-09-29,2020,2020_September_29_2020,fallacy of relevance
Donald Trump,"excuse me, chris, wait.",2020-09-29,2020,2020_September_29_2020,None
Joe Biden,number one. number two,2020-09-29,2020,2020_September_29_2020,None
Joe Biden,number three.,2020-09-29,2020,2020_September_29_2020,None
Donald Trump,"they said it would take no, youre on number two.",2020-09-29,2020,2020_September_29_2020,None
Donald Trump,"chris, chris. they said it would take",2020-09-29,2020,2020_September_29_2020,None
Donald Trump,"a miracle to bring back manufacturing. i brought back 700,000 jobs. they brought back nothing. they gave up on manufacturing.",2020-09-29,2020,2020_September_29_2020,false dilemma
Joe Biden,we did not. crosstalk,2020-09-29,2020,2020_September_29_2020,None
Donald Trump,standard fare.,2020-09-29,2020,2020_September_29_2020,None
Joe Biden,im the guy that brought back the automobile industry.,2020-09-29,2020,2020_September_29_2020,false dilemma
Donald Trump,he totally gave up on manufacturing.,2020-09-29,2020,2020_September_29_2020,None
Moderator,"all right, let him",2020-09-29,2020,2020_September_29_2020,None
Joe Biden,"i was asked to bring back chrysler and general motors. we brought them back right here in the state of ohio and michigan. he blew it. theyre gone. he blew it. and in fact, theyre gone",2020-09-29,2020,2020_September_29_2020,false dilemma
Donald Trump,ohio had the best year its ever had last year. michigan had the best year theyve ever had.,2020-09-29,2020,2020_September_29_2020,false dilemma
Joe Biden,that is not true.,2020-09-29,2020,2020_September_29_2020,None
Donald Trump,"many car companies came in from germany, from japan, went to michigan, went to ohio and they didnt come in with you. crosstalk.",2020-09-29,2020,2020_September_29_2020,circular reasoning
Moderator,"mr. vice president, go ahead.",2020-09-29,2020,2020_September_29_2020,None
Joe Biden,and so you take a look at what hes actually done. hes done very little. his trade deals are the same way. he talks about these great trade deals. he talks about the art of the deal. chinas perfected the art of the steal. we have a higher deficit with china now than we did before. we have the highest trade deficit,2020-09-29,2020,2020_September_29_2020,fallacy of relevance
Donald Trump,china ate your lunch crosstalk.,2020-09-29,2020,2020_September_29_2020,None
Joe Biden,with mexico.,2020-09-29,2020,2020_September_29_2020,None
Donald Trump,"china ate your lunch, joe. and no wonder your son goes in and, wha, he takes out billions of dollars. he takes out billions of dollars to manage. he makes millions of dollars. and also, while were at it, why is it just out of curiosity, the mayor of moscows wife gave your son three and a half million dollars?",2020-09-29,2020,2020_September_29_2020,ad hominem
Joe Biden,that is not true.,2020-09-29,2020,2020_September_29_2020,None
Donald Trump,what did he do to deserve it? what did he do with burisma,2020-09-29,2020,2020_September_29_2020,false dilemma
Joe Biden,none of that is true.,2020-09-29,2020,2020_September_29_2020,None
Donald Trump,"to deserve 183,000?",2020-09-29,2020,2020_September_29_2020,None
Moderator,"sir, youve asked him a question, let him answer it.",2020-09-29,2020,2020_September_29_2020,None
Joe Biden,none of that is true.,2020-09-29,2020,2020_September_29_2020,None
Donald Trump,"oh really, he didnt get three and a half million?",2020-09-29,2020,2020_September_29_2020,fallacy of relevance
Moderator,mr. president,2020-09-29,2020,2020_September_29_2020,None
Joe Biden,is totally,2020-09-29,2020,2020_September_29_2020,None
Moderator,"mr. president, please. youve asked a question crosstalk",2020-09-29,2020,2020_September_29_2020,None
Joe Biden,totally discredited. totally discredited. and by the way,2020-09-29,2020,2020_September_29_2020,None
Donald Trump,"well wait, he didnt get three and a half million dollars, joe?",2020-09-29,2020,2020_September_29_2020,None
Donald Trump,he got three and a half million dollars,2020-09-29,2020,2020_September_29_2020,None
Moderator,mr. president.,2020-09-29,2020,2020_September_29_2020,None
Donald Trump,dollars.,2020-09-29,2020,2020_September_29_2020,None
Joe Biden,that is not true.,2020-09-29,2020,2020_September_29_2020,None
Donald Trump,"oh, really?",2020-09-29,2020,2020_September_29_2020,None
Moderator,"mr. president, its an open discussion. please crosstalk",2020-09-29,2020,2020_September_29_2020,ad hominem
Donald Trump,its a fact.,2020-09-29,2020,2020_September_29_2020,None
Joe Biden,it is not a fact.,2020-09-29,2020,2020_September_29_2020,None
Moderator,"well, you have raised an issue, let the vice president answer.",2020-09-29,2020,2020_September_29_2020,false dilemma
Joe Biden,its been totally discredited.,2020-09-29,2020,2020_September_29_2020,false dilemma
Donald Trump,"did burisma pay him 183 thousand a month, with no experience in energy?",2020-09-29,2020,2020_September_29_2020,false dilemma
Moderator,mr. president,2020-09-29,2020,2020_September_29_2020,None
Joe Biden,my son did nothing wrong at burisma,2020-09-29,2020,2020_September_29_2020,None
Donald Trump,i think he did.,2020-09-29,2020,2020_September_29_2020,None
Joe Biden,the only guy that. . .,2020-09-29,2020,2020_September_29_2020,None
Moderator,"mr. president, let him answer. crosstalk.",2020-09-29,2020,2020_September_29_2020,None
Joe Biden,"he doesnt want to let me answer, because he knows i have the truth. his position has been totally thoroughly discredited. . .",2020-09-29,2020,2020_September_29_2020,false dilemma
Joe Biden,and you can,2020-09-29,2020,2020_September_29_2020,None
Donald Trump,the media.,2020-09-29,2020,2020_September_29_2020,None
Joe Biden,"by everybody. well, by the media, by our allies.",2020-09-29,2020,2020_September_29_2020,fallacy of relevance
Donald Trump,"by the media, because they refuse to talk about it",2020-09-29,2020,2020_September_29_2020,ad populum
Joe Biden,by the world bank,2020-09-29,2020,2020_September_29_2020,None
Donald Trump,because theyre embarrassed.,2020-09-29,2020,2020_September_29_2020,ad hominem
Joe Biden,"by everyone, as discredited. and matter of fact crosstalk matter of fact",2020-09-29,2020,2020_September_29_2020,None
Moderator,"mr. president, please stop.",2020-09-29,2020,2020_September_29_2020,None
Joe Biden,even the people who testified under oath,2020-09-29,2020,2020_September_29_2020,ad hominem
Donald Trump,"so let me ask you this, joe crosstalk.",2020-09-29,2020,2020_September_29_2020,None
Moderator,"no, no. go ahead, mr. im listening to you.",2020-09-29,2020,2020_September_29_2020,None
Joe Biden,even the people under,2020-09-29,2020,2020_September_29_2020,None
Donald Trump,he got three and a half million dollars from moscow.,2020-09-29,2020,2020_September_29_2020,None
Joe Biden,"testified, he testified under oath in his administration said i did my job and i did it very well.",2020-09-29,2020,2020_September_29_2020,fallacy of relevance
Donald Trump,"oh, really?",2020-09-29,2020,2020_September_29_2020,None
Joe Biden,i did it honorably.,2020-09-29,2020,2020_September_29_2020,None
Donald Trump,id like to know who they are.,2020-09-29,2020,2020_September_29_2020,None
Joe Biden,"well, ill give you the list of the people who",2020-09-29,2020,2020_September_29_2020,None
Donald Trump,ill fire them.,2020-09-29,2020,2020_September_29_2020,None
Moderator,"no, no. go ahead, sir.",2020-09-29,2020,2020_September_29_2020,ad hominem
Joe Biden,"im sure that youve already fired most of them, because they did a good job.",2020-09-29,2020,2020_September_29_2020,ad hominem
Donald Trump,some people dont do a good job.,2020-09-29,2020,2020_September_29_2020,fallacy of relevance
Joe Biden,"well, heres the crosstalk",2020-09-29,2020,2020_September_29_2020,None
Moderator,"go ahead. you get the crosstalk wait a minute. you get the final word, mr.",2020-09-29,2020,2020_September_29_2020,None
Joe Biden,"well, its hard to get any word in with this clown. excuse me, this person.",2020-09-29,2020,2020_September_29_2020,false dilemma
Donald Trump,"hey, hey, let me just say, that",2020-09-29,2020,2020_September_29_2020,None
Joe Biden,"no, no. mr. president crosstalk",2020-09-29,2020,2020_September_29_2020,None
Donald Trump,"three and a half million, joe.",2020-09-29,2020,2020_September_29_2020,None
Joe Biden,that is simply not true.,2020-09-29,2020,2020_September_29_2020,None
Donald Trump,why did he deserve three and a half million from moscow?,2020-09-29,2020,2020_September_29_2020,None
Joe Biden,"look, heres the deal. we want to talk about families and ethics. i dont want to do that. i mean, his family, we could talk about all night. his familys already",2020-09-29,2020,2020_September_29_2020,ad hominem
Donald Trump,my family,2020-09-29,2020,2020_September_29_2020,None
Moderator,"no, no crosstalk.",2020-09-29,2020,2020_September_29_2020,None
Donald Trump,my family lost a fortune by coming down and helping us with government.,2020-09-29,2020,2020_September_29_2020,false dilemma
Joe Biden,and thats such a crosstalk,2020-09-29,2020,2020_September_29_2020,None
Moderator,mr. president,2020-09-29,2020,2020_September_29_2020,None
Donald Trump,every single one of them lost a fortune by coming down and helping us with government.,2020-09-29,2020,2020_September_29_2020,false dilemma
Joe Biden,"this is not about my family or his family. its about your family, the american people. crosstalk",2020-09-29,2020,2020_September_29_2020,false dilemma
Donald Trump,and he got three and a half million dollars for nothing.,2020-09-29,2020,2020_September_29_2020,ad populum
Joe Biden,"thats not true. it doesnt want to talk about what you need. you, the american people. its about you. thats what were talking about here. crosstalk",2020-09-29,2020,2020_September_29_2020,ad hominem
Moderator,thats the end of the segment. were moving on.,2020-09-29,2020,2020_September_29_2020,None
Joe Biden,he didnt take that.,2020-09-29,2020,2020_September_29_2020,None
Moderator,vice president,2020-09-29,2020,2020_September_29_2020,None
Donald Trump,"chris, can i be honest? its a very important question",2020-09-29,2020,2020_September_29_2020,ad hominem
Joe Biden,try to be honest.,2020-09-29,2020,2020_September_29_2020,None
Donald Trump,he stood up,2020-09-29,2020,2020_September_29_2020,None
Moderator,the answer to the question is no.,2020-09-29,2020,2020_September_29_2020,None
Donald Trump,and he threatened ukraine,2020-09-29,2020,2020_September_29_2020,None
Donald Trump,with a billion dollars,2020-09-29,2020,2020_September_29_2020,None
Joe Biden,that is absolutely not true.,2020-09-29,2020,2020_September_29_2020,None
Moderator,"stop. crosstalk gentlemen, i hate to raise my voice, but i crosstalk why should i be different than the two of you? so heres the deal.",2020-09-29,2020,2020_September_29_2020,false dilemma
Joe Biden,thats a good point.,2020-09-29,2020,2020_September_29_2020,None
Moderator,"we have six segments. we have ended that segment. were going to go to the next segment. in that segment, you each are going to have two uninterrupted moments. in those two uninterrupted minutes, mr. president, you can say anything you want. im going to ask a question about race, but if you want to answer about something else, go ahead. but we, i, i think that the country would be better served, if we allowed both people to speak with fewer interruptions. im appealing to you, sir, to do that.",2020-09-29,2020,2020_September_29_2020,appeal to emotion
Donald Trump,"well, and him too.",2020-09-29,2020,2020_September_29_2020,None
Moderator,"well, frankly, youve been doing more interrupting than he has.",2020-09-29,2020,2020_September_29_2020,ad hominem
Donald Trump,"well, thats all right, but he does plenty.",2020-09-29,2020,2020_September_29_2020,None
Moderator,"well, sir, less than",2020-09-29,2020,2020_September_29_2020,None
Donald Trump,he does plenty.,2020-09-29,2020,2020_September_29_2020,None
Moderator,"no, less than you have. lets please continue on. the issue of race. vicepresident biden, you say that president trumps response to the violence in charlottesville three years ago, when he talked about very fine people on both sides, was what directly led you to launch this run for president.",2020-09-29,2020,2020_September_29_2020,false dilemma
Donald Trump,"oh yeah, sure.",2020-09-29,2020,2020_September_29_2020,None
Moderator,"president trump, you have often said that you believe you will have done more for black americans than any president with the possible exception of abraham lincoln.",2020-09-29,2020,2020_September_29_2020,fallacy of relevance
Donald Trump,thats true.,2020-09-29,2020,2020_September_29_2020,None
Moderator,"my question for the two of you, is why should voters trust you rather than your opponent to deal with the race issues facing this country over the next four years? vice president biden, you go first.",2020-09-29,2020,2020_September_29_2020,fallacy of relevance
Joe Biden,"its about equity and equality. its about decency. its about the constitution. and we have never walked away from trying to require, acquire equity for everyone, equality for the whole of america. but weve never accomplished it, but weve never walked away from it like he has done. it is true, the reason i got in the race is when those people. . . close your eyes, remember what those people look like coming out of the fields, carrying torches, their veins bulging, spewingjust spewing antisemitic bile and accompanied by the ku klux klan. a young woman got killed, and they asked the president what he thought. he said, there were very fine people on both sides. no presidents ever said anything like that. crosstalk.",2020-09-29,2020,2020_September_29_2020,false dilemma
Moderator,it is his,2020-09-29,2020,2020_September_29_2020,None
Moderator,two minutes sir.,2020-09-29,2020,2020_September_29_2020,None
Joe Biden,"second point id make to you, is that when floyd was killed, when mr. floyd was killed, there was a peaceful protest in front of the white house. what did he do? he came out of his bunker, had the military use tear gas on them so he could walk across to a church and hold up a bible. and then what happened after that? the bishop of that very church said that it was a disgrace. the general who was with him said all he ever wants to do is divide people, not unite people at all. this is a president who has used everything as a dog whistle, to try to generate racist hatred, racist division.",2020-09-29,2020,2020_September_29_2020,appeal to emotion
Moderator,"president trump, you have two minutes. why should americans trust you over your opponent to deal with race issues?",2020-09-29,2020,2020_September_29_2020,false dilemma
Donald Trump,"you did a crime bill, 1994, where you called them superpredators. africanamericans are superpredators and theyve never forgotten it. theyve never forgotten it.",2020-09-29,2020,2020_September_29_2020,false dilemma
Joe Biden,ive never said,2020-09-29,2020,2020_September_29_2020,None
Moderator,"no, no, sir. its his two minutes.",2020-09-29,2020,2020_September_29_2020,None
Donald Trump,"so you did that, and they call you superpredator and im letting people out of jail now, that you have treated the africanamerican population community, you have treated the black community about as bad as anybody in this country. you did the 1990and thats why, if you look at the polls, im doing better than any republican has done in a long time, because they saw what you did. you call them superpredators, and youve called them worse than that. because you look back at your testimony over the years, youve called them a lot worse than that. as far as the church is concerned, and as far as the generals are concerned, we just got the support of 200250 military leaders and generals, total support. law enforcement, almost every law enforcement group in the united states. i have florida. i have texas. i have ohio. i have every excuse me, portland, the sheriff just came out today and he said, i support president trump.",2020-09-29,2020,2020_September_29_2020,appeal to emotion
Moderator,"all right. i want to return to the question of race. vice president biden, after the grand jury in the breonna taylor case decided not to charge any of the police with homicide, you said it raises the question, whether justice could be equally applied in america. do you believe that there is a separate but unequal system of justice for blacks in this country?",2020-09-29,2020,2020_September_29_2020,appeal to emotion
Joe Biden,"yes, there is. theres systemic injustice in this country, in education and work and in law enforcement and the way in which its enforced. but look, the vast majority of police officers are good, decent, honorable men and women. they risk their lives every day to take care of us. but there are some bad apples. and when they occur, when they find them, they have to be sorted out. they have to be held accountable. they have to be held accountable. and what im going to do as president of the united states is call a, a, together an entire group of people at the white house, everything from the civil rights groups, to the police officers, to the police chiefs, and were going to work this out.",2020-09-29,2020,2020_September_29_2020,fallacy of relevance
Moderator,"all right, mr.",2020-09-29,2020,2020_September_29_2020,None
Donald Trump,what is peaceful protest? when they run through the middle of the town,2020-09-29,2020,2020_September_29_2020,false dilemma
Moderator,president trump,2020-09-29,2020,2020_September_29_2020,None
Donald Trump,and burn down your stores and kill people all over the place crosstalk.,2020-09-29,2020,2020_September_29_2020,false dilemma
Joe Biden,that is not peaceful protest.,2020-09-29,2020,2020_September_29_2020,fallacy of relevance
Donald Trump,"no its not, but you say it is.",2020-09-29,2020,2020_September_29_2020,ad hominem
Joe Biden,i did not say it is.,2020-09-29,2020,2020_September_29_2020,None
Moderator,"president trump, id like to continue with the issue of race. i promise were going to get to the issue of law and order in a moment.",2020-09-29,2020,2020_September_29_2020,ad hominem
Moderator,"this month, your administration, uh, directed federal agencies to end racial sensitivity training that addresses white privilege or critical race theory. why did you decide to do that, to end racial sensitivity training? and do you believe that there is systemic racism in this country, sir?",2020-09-29,2020,2020_September_29_2020,false dilemma
Donald Trump,"i ended it because its racist. i ended it because a lot of people were complaining that they were asked to do things that were absolutely insane. that it was a radical revolution that was taking place in our military, in our schools, all over the place. and you know it, and so does everybody else. and he would know it, oh its totally racial. crosstalk",2020-09-29,2020,2020_September_29_2020,appeal to emotion
Moderator,what is radical about racial sensitivity training?,2020-09-29,2020,2020_September_29_2020,None
Donald Trump,"if you were a certain person, you had no status in life. it was sort of a reversal. and if you look at the people, we would pay people hundreds of thousands of dollars to teach very bad ideas and frankly, very sick ideas. and, and really, they were teaching people to hate our country. and im not going to do that. im not going to allow that to happen. we have to go back to the core values of this country. they were teaching people that our country is a horrible place. its a racist place. and they were teaching people to hate our country. and im not going to allow that to happen.",2020-09-29,2020,2020_September_29_2020,appeal to emotion
Joe Biden,nobodys doing that.,2020-09-29,2020,2020_September_29_2020,None
Moderator,vice president biden.,2020-09-29,2020,2020_September_29_2020,None
Joe Biden,nobodys doing that. hes the racist.,2020-09-29,2020,2020_September_29_2020,false dilemma
Donald Trump,you just dont know.,2020-09-29,2020,2020_September_29_2020,ad hominem
Joe Biden,heres the deal. i know a lot more about this crosstalk.,2020-09-29,2020,2020_September_29_2020,None
Donald Trump,you dont know.,2020-09-29,2020,2020_September_29_2020,false dilemma
Moderator,let him finish.,2020-09-29,2020,2020_September_29_2020,None
Joe Biden,"the fact is that there is racial insensitivity. people have to be made aware of what other people feel like, uh, what insults them, what is demeaning to them. its important that people know. many people dont want to hurt other peoples feelings. but its amazing, it makes a big difference. it makes a gigantic difference in the way a child is able to grow up and have a selfsense, a sense of selfesteem. its a little bit like how this guy and, and his friends look down on so many people. they look down their nose on people like irish catholics, like me, and grew up in scranton. they look down on people who dont have money. they look down on people who are of a different faith. they look down on people who are a different color. in fact, were all americans. the only way were gonna bring this country together is bring everybody together. theres nothing we cannot do, if we do it together. we can take this on, and we can defeat racism in america.",2020-09-29,2020,2020_September_29_2020,false dilemma
Moderator,"vice president i mean, president trump, sir.",2020-09-29,2020,2020_September_29_2020,None
Donald Trump,"during the obamabiden administration, there was tremendous division. there was hatred. you look at, uh, ferguson, you look at, or you go to verymany places. look at oakland. look what happened in oakland. look what happened in baltimore. look what happened a . . . frankly, it was more violent than what im even seeing now.",2020-09-29,2020,2020_September_29_2020,fallacy of relevance
Joe Biden,oh my lord.,2020-09-29,2020,2020_September_29_2020,None
Donald Trump,but the reason,2020-09-29,2020,2020_September_29_2020,None
Joe Biden,this is ridiculous.,2020-09-29,2020,2020_September_29_2020,None
Donald Trump,is that the democrats that run these cities,2020-09-29,2020,2020_September_29_2020,None
Joe Biden,absolutely ridiculous.,2020-09-29,2020,2020_September_29_2020,ad hominem
Donald Trump,"dont want to talk, like you, about law and order.",2020-09-29,2020,2020_September_29_2020,ad hominem
Joe Biden,violent crime. . .,2020-09-29,2020,2020_September_29_2020,None
Donald Trump,and you still havent mentioned.,2020-09-29,2020,2020_September_29_2020,None
Joe Biden,violent crime. . .,2020-09-29,2020,2020_September_29_2020,None
Donald Trump,are you in favor of law and order?,2020-09-29,2020,2020_September_29_2020,None
Joe Biden,im in favor of law. you follow a little bit of order crosstalk.,2020-09-29,2020,2020_September_29_2020,None
Donald Trump,are you in favor of law and order? crosstalk,2020-09-29,2020,2020_September_29_2020,None
Joe Biden,yes im in favor of. . .,2020-09-29,2020,2020_September_29_2020,None
Moderator,"you asked a question, let him finish. crosstalk let him answer.",2020-09-29,2020,2020_September_29_2020,None
Joe Biden,"law and order with justice, where people get treated fairly.",2020-09-29,2020,2020_September_29_2020,appeal to emotion
Joe Biden,"and the fact of the matter is, violent crime went down 17 percent, 15 percent in our administration. its gone up on his watch.",2020-09-29,2020,2020_September_29_2020,false dilemma
Donald Trump,it went down much more in ours.,2020-09-29,2020,2020_September_29_2020,None
Moderator,"all right, were done crosstalk mr. president, youre going to be very happy because were now going to talk about law and order.",2020-09-29,2020,2020_September_29_2020,ad hominem
Donald Trump,the places we had trouble were democraticrun cities. . .,2020-09-29,2020,2020_September_29_2020,None
Moderator,"thats exactly my question. there has been a dramatic increase in homicides in america this summer particularly, and you often blame that on democratic mayors and democratic governors. but in fact, there have been equivalent spikes in republicanled cities, like tulsa and fort worth. so the question is, is this really a party issue?",2020-09-29,2020,2020_September_29_2020,fallacy of relevance
Donald Trump,"i think its a party issue. you can bring in a couple of examples but if you look at chicago, whats going on in chicago where, uh, 53 people were shot and eight died. shot. if you look at new york where its going up, like nobodys ever seen anything. the numbers are going up a 100, 150, 200 percent, uh, crime, it is crazy whats going on . . .",2020-09-29,2020,2020_September_29_2020,false dilemma
Joe Biden,"republican cities, republican cities.",2020-09-29,2020,2020_September_29_2020,None
Donald Trump,". . . and he doesnt want to say law and order because he cant because hell lose his radical left supporters and once he does that, its over with. but if he ever got to run this country, and they ran it the way he would want to run it, we would have. . .",2020-09-29,2020,2020_September_29_2020,false dilemma
Joe Biden,by the way. . .,2020-09-29,2020,2020_September_29_2020,None
Donald Trump,". . . our suburbs would be gone. by the way, our suburbs would be gone. and you would see problems like youve never seen before.",2020-09-29,2020,2020_September_29_2020,false dilemma
Joe Biden,"he wouldnt know a suburb unless you took a wrong turn. he was, he was. . .",2020-09-29,2020,2020_September_29_2020,fallacy of relevance
Donald Trump,"oh, i know suburbs so much better than you.",2020-09-29,2020,2020_September_29_2020,None
Moderator,gentlemen wait a minute.,2020-09-29,2020,2020_September_29_2020,None
Joe Biden,"i was raised in the suburbs. this is not 1950. all these dog whistles and racism dont work anymore. suburbs are by and large integrated. theres as many people today driving their kids to soccer practice andor black and white and hispanic in the same car as there have been any time in the past. whats, what really is a threat to the suburbs and their safety is his failure to deal with covid. theyre dying in the suburbs. his failure to deal with the environment, theyre being flooded, theyre being burned out because his refusal to do anything. thats why the suburbs are in trouble.",2020-09-29,2020,2020_September_29_2020,fallacy of relevance
Moderator,"i do want to talk about this issue of law and order though. and in the joint recommendation that came from the bidenbernie sanders task force, you talked about quote reimagining policing. first of all, what does reimagining policing mean and do you support?",2020-09-29,2020,2020_September_29_2020,fallacy of relevance
Joe Biden,it means. . .,2020-09-29,2020,2020_September_29_2020,None
Moderator,". . . if i might finish the question, what does reimagining policing mean and do you support the black lives matter call uh, for uh, community control of policing?",2020-09-29,2020,2020_September_29_2020,None
Joe Biden,"look, what i support is the police having the opportunity to deal with the problems they face and im totally opposed to defunding the police offices. as a matter of fact police, local police, the only one defunding, in his budget calls for a 400 million cut in local law enforcement assistance. they need more assistance. they need when they show up for a 911 call to have someone with them as a psychologist or psychiatrist to keep them from having to use force and be able to talk people down. we have to have community policing like we had before, where the officers get to know the people in the communities. thats when crime went down, it didnt go up. it went down. and so we have to be engaged with . . .",2020-09-29,2020,2020_September_29_2020,fallacy of relevance
Donald Trump,"thats not what they are talking about, chris. thats not what it . . . hes talking about defunding the police.",2020-09-29,2020,2020_September_29_2020,ad hominem
Joe Biden,thats exactly. . . that is not true.,2020-09-29,2020,2020_September_29_2020,None
Donald Trump,he doesnt have any law support. he has no law enforcement support.,2020-09-29,2020,2020_September_29_2020,false dilemma
Donald Trump,almost nothing.,2020-09-29,2020,2020_September_29_2020,None
Joe Biden,"thats not true. thats not. . . oh, look. . .",2020-09-29,2020,2020_September_29_2020,None
Donald Trump,"oh, really, who do you have? name one group that supports you. name one group that came out and supported you. go ahead. think. we have time.",2020-09-29,2020,2020_September_29_2020,fallacy of relevance
Joe Biden,we dont have time to do anything except . . .,2020-09-29,2020,2020_September_29_2020,fallacy of relevance
Donald Trump,"no, no. think about it. name one law enforcement group that came out in support of you.",2020-09-29,2020,2020_September_29_2020,false dilemma
Joe Biden,"folks, folks. . .",2020-09-29,2020,2020_September_29_2020,ad hominem
Moderator,"now, gentleman. i think im going to take back the moderators role. . .",2020-09-29,2020,2020_September_29_2020,None
Donald Trump,there arent any. i dont think there are any.,2020-09-29,2020,2020_September_29_2020,false dilemma
Moderator,". . . and i want to get to another subject, which is the issue of protests in many cities that have turned violent. in portland, oregon, especially we had a, more than a hundred straight days of protests, which i think you would agree, you talk about peaceful protests. many of those turned into riots. mr. vicepresident you say that people who commit crimes should be held accountable. the question i have, though, is as the democratic nominee, and earlier tonight, you said that you are the democratic party right now, have you ever called the democratic mayor of portland or the democratic governor of oregon and said, hey, you gotta stop this, bring in the national guard, do whatever it takes, but youd stop the days and months of violence in portland.",2020-09-29,2020,2020_September_29_2020,fallacy of relevance
Joe Biden,"i dont hold public office, now. i am a former vicepresident. ive made it clear. ive made it clear in my public statements that the violence should be prosecuted. it should be prosecuted, and anyone who commits it should be prosecuted.",2020-09-29,2020,2020_September_29_2020,fallacy of relevance
Moderator,but youve never called for the people,2020-09-29,2020,2020_September_29_2020,None
Donald Trump,hes never done that.,2020-09-29,2020,2020_September_29_2020,None
Moderator,"excuse me, sir. you had never called for the leaders in portland and in oregon to call and bring in the national guard and knock off a 100 days of riots.",2020-09-29,2020,2020_September_29_2020,None
Joe Biden,they can in fact take care of it if hed just stay out of the way.,2020-09-29,2020,2020_September_29_2020,false dilemma
Donald Trump,oh really? oh really?,2020-09-29,2020,2020_September_29_2020,None
Moderator,"let, lets just. . .",2020-09-29,2020,2020_September_29_2020,None
Donald Trump,i sent in the us marshals. . .,2020-09-29,2020,2020_September_29_2020,None
Joe Biden,"here, heres the thing. . .",2020-09-29,2020,2020_September_29_2020,None
Moderator,i asked a question. . .,2020-09-29,2020,2020_September_29_2020,None
Donald Trump,". . .to get the killer of a young man in the middle of the street, they shot him. for three days portland didnt do anything.",2020-09-29,2020,2020_September_29_2020,false dilemma
Moderator,president trump. president trump. president trump. . . i interrupted. president trump.,2020-09-29,2020,2020_September_29_2020,None
Donald Trump,i sent in the us marshals they took care of business.,2020-09-29,2020,2020_September_29_2020,false dilemma
Moderator,go ahead sir.,2020-09-29,2020,2020_September_29_2020,None
Joe Biden,"and by the way his own former spokesperson said, you know, riots and chaos and violence help his cause. thats what this is all about.",2020-09-29,2020,2020_September_29_2020,false dilemma
Donald Trump,i dont know who said that.,2020-09-29,2020,2020_September_29_2020,None
Joe Biden,i think itkellyanne conway.,2020-09-29,2020,2020_September_29_2020,None
Donald Trump,i dont think she said that.,2020-09-29,2020,2020_September_29_2020,None
Joe Biden,she said that.,2020-09-29,2020,2020_September_29_2020,None
Donald Trump,i dont think so.,2020-09-29,2020,2020_September_29_2020,None
Joe Biden,"and so here, heres the point. the point is that, thats what he is keep trying to rile everything up. he doesnt want to calm things down. instead of going in and talking to people and saying, lets get everybody together. figure out how to deal with this. whats he do? he just pours gasoline in the fire. constantly. at every single solitary time.",2020-09-29,2020,2020_September_29_2020,appeal to emotion
Moderator,"okay. and, and, and to end this, button up this segment, im going to give you a minute to answer, sir. you have repeatedly",2020-09-29,2020,2020_September_29_2020,None
Donald Trump,"you mean, i have to answer his stuff?",2020-09-29,2020,2020_September_29_2020,None
Moderator,you have repeatedly,2020-09-29,2020,2020_September_29_2020,fallacy of relevance
Donald Trump,his statement?,2020-09-29,2020,2020_September_29_2020,None
Moderator,you have repeatedly. . . no. . .,2020-09-29,2020,2020_September_29_2020,None
Donald Trump,"wait a second, you made a statement.",2020-09-29,2020,2020_September_29_2020,None
Moderator,"no, youve been talking back and forth. im asking you.",2020-09-29,2020,2020_September_29_2020,ad hominem
Donald Trump,i would love to end it. i would love to end it.,2020-09-29,2020,2020_September_29_2020,None
Moderator,i would love to know sir. . . you know sir if you want to switch seats,2020-09-29,2020,2020_September_29_2020,None
Donald Trump,". . . we could, very quickly",2020-09-29,2020,2020_September_29_2020,None
Moderator,. . . we can do that.,2020-09-29,2020,2020_September_29_2020,None
Donald Trump,"ill send in the national guard, it would be over. thatd be no problem. but they dont want to accept the national guard.",2020-09-29,2020,2020_September_29_2020,false dilemma
Moderator,"you have repeatedly criticized the vicepresident for not specifically calling out antifa and other leftwing extremist groups. but are you willing, tonight, to condemn white supremacists and militia groups and to say that they need to stand down and not add to the violence in a number of these cities as we saw in kenosha and as weve seen in portland.",2020-09-29,2020,2020_September_29_2020,false dilemma
Donald Trump,"sure, im willing to do that.",2020-09-29,2020,2020_September_29_2020,None
Moderator,"are you prepared specifically to do it. well go ahead, sir.",2020-09-29,2020,2020_September_29_2020,None
Donald Trump,i would say almost everything i see is from the leftwing not from the right wing.,2020-09-29,2020,2020_September_29_2020,None
Moderator,"so what are you, what are you saying?",2020-09-29,2020,2020_September_29_2020,ad hominem
Donald Trump,im willing to do anything. i want to see peace.,2020-09-29,2020,2020_September_29_2020,appeal to emotion
Moderator,"well, do it, sir.",2020-09-29,2020,2020_September_29_2020,None
Joe Biden,say it. do it. say it.,2020-09-29,2020,2020_September_29_2020,false dilemma
Donald Trump,"you want to call them? what do you want to call them? give me a name, give me a name, go ahead who would you like me to condemn.",2020-09-29,2020,2020_September_29_2020,fallacy of relevance
Moderator,white supremacists and racists.,2020-09-29,2020,2020_September_29_2020,false dilemma
Joe Biden,proud boys.,2020-09-29,2020,2020_September_29_2020,None
Moderator,white supremacists and white militias.,2020-09-29,2020,2020_September_29_2020,false dilemma
Joe Biden,proud boys.,2020-09-29,2020,2020_September_29_2020,None
Donald Trump,"proud boys, stand back and stand by. but ill tell you what, ill tell you what somebodys got to do something about antifa and the left because this is not a right wing problem this is a leftwing. this is a leftwing problem. . .",2020-09-29,2020,2020_September_29_2020,false dilemma
Joe Biden,hes own fbi director said unlike white supremacists. . .,2020-09-29,2020,2020_September_29_2020,false dilemma
Donald Trump,this is a leftwing problem.,2020-09-29,2020,2020_September_29_2020,fallacy of relevance
Joe Biden,antifa is an idea not an organization. . .,2020-09-29,2020,2020_September_29_2020,fallacy of extension
Donald Trump,oh you gotta be kidding.,2020-09-29,2020,2020_September_29_2020,ad hominem
Joe Biden,not a militia. thats what his fbi director said.,2020-09-29,2020,2020_September_29_2020,false dilemma
Donald Trump,"well, then you know what, hes wrong.",2020-09-29,2020,2020_September_29_2020,false dilemma
Moderator,"gentlemen, gentlemen. no, no, no, were done, sir. moving onto the next crosstalk",2020-09-29,2020,2020_September_29_2020,None
Donald Trump,". . . when a bat hits you over the head, thats not an idea. antifa is bad.",2020-09-29,2020,2020_September_29_2020,false dilemma
Joe Biden,everybody in your administration. . .,2020-09-29,2020,2020_September_29_2020,None
Donald Trump,antifa is bad.,2020-09-29,2020,2020_September_29_2020,false dilemma
Joe Biden,"everybody in your administration tells you the truth, has a bad idea. you have no idea . . . .",2020-09-29,2020,2020_September_29_2020,ad hominem
Donald Trump,"you know what, antifa is a dangerous radical group.",2020-09-29,2020,2020_September_29_2020,None
Moderator,"all right, gentlemen were now moving onto the trump and biden records.",2020-09-29,2020,2020_September_29_2020,None
Donald Trump,"and you ought to be careful of them, theyll overthrow you.",2020-09-29,2020,2020_September_29_2020,false dilemma
Moderator,"im going to ask a question. when the president seeks a second term, it is generally a referendum on his record but vicepresident biden, you like to quote one of your dads sayings, which is dont compare me to the almighty, compare me to the alternative. and in this case sir you are the alternative. looking at both of your records, im going to ask each of you. why should voters elect you president over your opponent? in this segment, president trump youll go first, two minutes.",2020-09-29,2020,2020_September_29_2020,false dilemma
Donald Trump,"because there has never been an administration or president who has done more than ive done in a period of three and a half years. and thats despite the impeachment hoax and you saw what happened today with hillary clinton, where it was a whole big con job. but despite going through all of these things where i had to fight, both flanks and behind me and above, there has never been an administration thats done what ive done. the greatest, before covid came in, the greatest economy in history, lowest employunemployment numbers, everything was good. everything was going.",2020-09-29,2020,2020_September_29_2020,fallacy of relevance
Moderator,"looking at both of your records. why should voters elect you president as opposed to president trump, you have two minutes uninterrupted.",2020-09-29,2020,2020_September_29_2020,false dilemma
Joe Biden,"under this president, we become weaker, sicker, poorer, more divided and more violent. when i was vice president, we inherited a recession. i was asked to fix it. i did. we left him a booming economy, and he caused the recession. with regard to being weaker, the fact is that ive gone head to head with putin and made it clear to him were not going to take any of his stuff. hes putins puppy. he still refuses to even say anything to putin about the bounty on the heads of american soldiers.",2020-09-29,2020,2020_September_29_2020,false dilemma
Donald Trump,your son got three and a half million dollars.,2020-09-29,2020,2020_September_29_2020,None
Moderator,"no, no, no!",2020-09-29,2020,2020_September_29_2020,None
Joe Biden,"by the way, my son",2020-09-29,2020,2020_September_29_2020,None
Moderator,"wait a minute. mr. president, your campaign agreed to both sides would get twominute answers, uninterrupted. well, your, your side agreed to it, and why dont you observe what your campaign agreed to as a ground rule. okay, sir?",2020-09-29,2020,2020_September_29_2020,ad hominem
Joe Biden,he never keeps his word.,2020-09-29,2020,2020_September_29_2020,false dilemma
Donald Trump,can i answer. . .,2020-09-29,2020,2020_September_29_2020,None
Moderator,no! that was a rhetorical question.,2020-09-29,2020,2020_September_29_2020,None
Joe Biden,can you add back 30 seconds?,2020-09-29,2020,2020_September_29_2020,None
Moderator,"yes. you may have,",2020-09-29,2020,2020_September_29_2020,None
Joe Biden,all right.,2020-09-29,2020,2020_September_29_2020,None
Joe Biden,"so thirdly, were poor. the billionaires have gotten much more wealthy by a tune of over three to four hundred billion dollars more just since covid. you in the home, you got less. youre in more trouble than you were before. in terms of being more violent. when we were in office there were 15 less violence in america than there is today. hes president of the united states. its on his watch. and with regard to more divided, the nation, it cant stay divided. we cant be this way. and speaking of my son, the way you talk about the military, the way you talk about them being losers and being, and, and, and just being suckers. my son was in iraq. he spent a year there. he got, he got the bronze star. he got the conspicuous service medal. he was not a loser. he was a patriot and the people left behind, there, were heroes.",2020-09-29,2020,2020_September_29_2020,appeal to emotion
Joe Biden,and i resent,2020-09-29,2020,2020_September_29_2020,None
Donald Trump,"are you talking hunter, are you talking about hunter.",2020-09-29,2020,2020_September_29_2020,None
Joe Biden,"im talking about my son, beau biden, youre talking about hunter?",2020-09-29,2020,2020_September_29_2020,false dilemma
Donald Trump,i dont know beau. i know hunter. hunter got thrown out of the military. he was thrown out dishonorably discharged. . .,2020-09-29,2020,2020_September_29_2020,ad hominem
Joe Biden,thats not true he wasnt dishonorably discharged.,2020-09-29,2020,2020_September_29_2020,false dilemma
Donald Trump,. . .for cocaine use. and he didnt have a job until you became vicepresident. once you became vicepresident,2020-09-29,2020,2020_September_29_2020,false dilemma
Joe Biden,none of that is true.,2020-09-29,2020,2020_September_29_2020,fallacy of relevance
Donald Trump,". . . he made a fortune in ukraine, in china, in moscow and various other places.",2020-09-29,2020,2020_September_29_2020,fallacy of relevance
Joe Biden,that is simply not true.,2020-09-29,2020,2020_September_29_2020,None
Donald Trump,he made a fortune. . .,2020-09-29,2020,2020_September_29_2020,None
Joe Biden,my son. . . my son. . .,2020-09-29,2020,2020_September_29_2020,None
Donald Trump,. . . and he didnt have a job.,2020-09-29,2020,2020_September_29_2020,fallacy of relevance
Joe Biden,"my son. . . like a lot of people. like a lot of people we know at home had a drug problem. hes overtaken it. hes, hes fixed it. hes worked on it. and im proud of him. im proud of my son.",2020-09-29,2020,2020_September_29_2020,false dilemma
Donald Trump,but why was he given tens of millions of dollars?,2020-09-29,2020,2020_September_29_2020,None
Moderator,alright. . .,2020-09-29,2020,2020_September_29_2020,None
Joe Biden,he wasnt given tens of millions of dollars. crosstalk,2020-09-29,2020,2020_September_29_2020,None
Donald Trump,he was given tens of millions of dollars?,2020-09-29,2020,2020_September_29_2020,None
Joe Biden,that was totally discredited.,2020-09-29,2020,2020_September_29_2020,fallacy of relevance
Moderator,president trump. president trump. weve already been through this.,2020-09-29,2020,2020_September_29_2020,false dilemma
Joe Biden,totally discredited.,2020-09-29,2020,2020_September_29_2020,false dilemma
Moderator,weve bo. . .already been through this. i think the american people would rather hear about more substantial subjects.,2020-09-29,2020,2020_September_29_2020,ad populum
Donald Trump,unintelligible,2020-09-29,2020,2020_September_29_2020,None
Moderator,"well, as the moderator, sir, im going to make a judgment call here.",2020-09-29,2020,2020_September_29_2020,fallacy of relevance
Donald Trump,i know but when somebody gets three and a half million dollars from the mayor of moscow.,2020-09-29,2020,2020_September_29_2020,fallacy of relevance
Joe Biden,that is not true. that report is totally discredited.,2020-09-29,2020,2020_September_29_2020,false dilemma
Donald Trump,why did he get it?,2020-09-29,2020,2020_September_29_2020,None
Joe Biden,mitt romney on that committee said it wasnt worth taxpayers money. that report was written for political reason.,2020-09-29,2020,2020_September_29_2020,false dilemma
Moderator,id like to talk about climate change.,2020-09-29,2020,2020_September_29_2020,None
Joe Biden,so would i.,2020-09-29,2020,2020_September_29_2020,None
Moderator,"okay. the forest fires in the west are raging now. they have burned millions of acres. they have displaced hundreds of thousands of people. when state officials there blamed the fires on climate change, mr. president, you said, i dont think the science knows. over your four years, you have pulled the us out of the paris climate accord. you have rolled back a number of obama environmental records, what do you believe about the science of climate change, and what will you do in the next four years to confront it?",2020-09-29,2020,2020_September_29_2020,ad hominem
Donald Trump,"i want crystal clean water and air. i want beautiful clean air. we have now the lowest carbon. if you look at our numbers right now, we are doing phenomenally. but i havent destroyed our businesses. our businesses arent put out of commission. if you look at the paris accord, it was a disaster from our standpoint. and people are actually very happy about whats going on, because our businesses are doing well. as far as the fires are concerned, you need forest management. in addition to everything else, the forest floors are loaded up with trees, dead trees that are years old and theyre like tinder and leaves and everything else. you drop a cigarette in there the whole forest burns down. youve got to have forest management.",2020-09-29,2020,2020_September_29_2020,appeal to emotion
Moderator,"what do you believe about the science of climate change, sir?",2020-09-29,2020,2020_September_29_2020,ad hominem
Donald Trump,"i believe that we have to do everything we can to have immaculate air, immaculate water, and do whatever else we can thats good. you know, were planting a billion treesthe billion tree projectand its very exciting for a lot of people.",2020-09-29,2020,2020_September_29_2020,appeal to emotion
Moderator,"you believe that human pollution, gas, greenhouse gas emissions contributes to the global warming of this planet?",2020-09-29,2020,2020_September_29_2020,None
Donald Trump,"i think a lot of things do, but i think to an extent, yes. i think to an extent, yes. but i also think we have to do better management of our forests. every year i get the call. californias burning, californias burning. if that was cleaned, if that were, if you had forest management, good forest management, you wouldnt be getting those calls. you know, in europe, they live their forest cities. they call forest cities. they maintain their forest. they manage their forest. i was with the head of a major country, its a forest city. he said, sir, we have trees that are far more, they ignite much easier than california. there shouldnt be that problem. i spoke with the governor about it. im getting along very well with the governor. but i said, at some point you cant every year have hundreds of thousands of acres of land just burned to the ground.",2020-09-29,2020,2020_September_29_2020,fallacy of relevance
Moderator,but sir. . .,2020-09-29,2020,2020_September_29_2020,None
Donald Trump,thats burning down because of a lack of management.,2020-09-29,2020,2020_September_29_2020,fallacy of relevance
Moderator,"but sir, if you believe in the science of climate change, why have you rolled back the obama clean power plan which limited carbon emissions in power plants? why have you relaxed?",2020-09-29,2020,2020_September_29_2020,false dilemma
Donald Trump,because it was driving energy prices through the sky.,2020-09-29,2020,2020_September_29_2020,false dilemma
Moderator,why have you relaxed fuel economy standards that are going to create more pollution from cars and trucks?,2020-09-29,2020,2020_September_29_2020,false dilemma
Donald Trump,"well, not really because whats happening is the car is much less expensive, and its a much safer car, and youre talking about a tiny difference. and then what would happen because of the cost of the car you would have at least double and triple the number of cars purchased. we have the old slugs out there that are 10, 12 years old. if you did that, the car would be safer. it would be much cheaper by 3,500.",2020-09-29,2020,2020_September_29_2020,false dilemma
Moderator,but in the case of california they have simply ignored your rollback.,2020-09-29,2020,2020_September_29_2020,fallacy of relevance
Donald Trump,"no, but you would take a lot of cars off the market because people would be able to afford a car. now, so, and by the way, were going to see how that turns out. but a lot of people agree with me, many people. the car has gotten so expensive because they have computers all over the place for an extra little bit of gasoline.",2020-09-29,2020,2020_September_29_2020,None
Donald Trump,and im okay with electric cars too. i think im all for electric cars. ive given big incentives for electric cars but what theyve done in california is just crazy.,2020-09-29,2020,2020_September_29_2020,false dilemma
Moderator,"all right, vice president biden. id like you to respond to the presidents climate change record, but i also want to ask you about a concern. you propose 2 trillion in green jobs. you talk about new limits, not abolishing, but new limits on fracking. ending the use of fossil fuels to generate electricity by 2035, and zero net emission of greenhouse gases by 2050. the president says a lot of these things would tank the economy and cost millions of jobs.",2020-09-29,2020,2020_September_29_2020,fallacy of relevance
Joe Biden,"hes absolutely wrong, number one. number two, if in fact, when, during our administration in the recovery act, i was able, was in charge, able to bring down the cost of renewable energy to cheaper than or as cheap as coal and gas and oil. nobodys gonna build another, uh, coal fired plant in america. no ones going to build another oil fire plant in america. theyre going to move to renewable energy, number one,",2020-09-29,2020,2020_September_29_2020,false dilemma
Moderator,"what about, what about the argument that president trump basically says, that you have to balance environmental interests and economic interests? and hes drawn his line.",2020-09-29,2020,2020_September_29_2020,false dilemma
Joe Biden,"well, he hadnt drawn a line. he still, for example, makes sure that we, he wants to make sure that methanes not a problem. we can, you, you can now emit more methane without it being a problem. methane. this is a guy who says that you dont have to have mileage standards for automobiles that exist now. this is the guy who says that, well the fact is. . .",2020-09-29,2020,2020_September_29_2020,appeal to emotion
Donald Trump,not true. not true.,2020-09-29,2020,2020_September_29_2020,None
Joe Biden,its all true. and heres the deal. . .,2020-09-29,2020,2020_September_29_2020,None
Donald Trump,"hes talking about the green new deal. and its not 2 billion or 20 billion, as you said. its 100 trillion dollars.",2020-09-29,2020,2020_September_29_2020,false dilemma
Joe Biden,im. . . im. . . .im talking about the biden plan. . .,2020-09-29,2020,2020_September_29_2020,None
Donald Trump,where they want to rip down buildings. . .,2020-09-29,2020,2020_September_29_2020,false dilemma
Moderator,"to biden let him go for a minute, and then you can go.",2020-09-29,2020,2020_September_29_2020,false dilemma
Donald Trump,and rebuild the building.,2020-09-29,2020,2020_September_29_2020,None
Donald Trump,its the dumbest,2020-09-29,2020,2020_September_29_2020,ad hominem
Joe Biden,"that is not, that is not. . .",2020-09-29,2020,2020_September_29_2020,None
Donald Trump,most ridiculous. . . where airplanes are out of business. where two car systems are out. . .,2020-09-29,2020,2020_September_29_2020,fallacy of relevance
Joe Biden,not true. . .,2020-09-29,2020,2020_September_29_2020,None
Donald Trump,. . . where they want to take out the cows too.,2020-09-29,2020,2020_September_29_2020,None
Donald Trump,"you know, thats not true either, right?",2020-09-29,2020,2020_September_29_2020,ad hominem
Donald Trump,"this is, this is a 100 trillion. . .",2020-09-29,2020,2020_September_29_2020,false dilemma
Joe Biden,simply. . . look,2020-09-29,2020,2020_September_29_2020,None
Donald Trump,thats more money than our country could make in a hundred years if it were. . .,2020-09-29,2020,2020_September_29_2020,false dilemma
Joe Biden,that is simply not the case. . .,2020-09-29,2020,2020_September_29_2020,None
Donald Trump,it would destroy our country.,2020-09-29,2020,2020_September_29_2020,false dilemma
Moderator,"all right. let me. wait a minute, sir. i actually have studied your plan, and it includes upgrading 4 million buildings, weatherizing 2 million homes over four years, building one and a half million energy efficient homes. so the question becomes, some, the president is saying, i think, some people who support the president would say, that sounds like its going to cost a lot of money and hurt the economy.",2020-09-29,2020,2020_September_29_2020,ad hominem
Joe Biden,"what its going to do, its going to create thousands and millions of jobs. good paying jobs.",2020-09-29,2020,2020_September_29_2020,false dilemma
Donald Trump,hundred trillion dollars.,2020-09-29,2020,2020_September_29_2020,None
Moderator,"let him finish, sir.",2020-09-29,2020,2020_September_29_2020,None
Joe Biden,he doesnt know how to do that.,2020-09-29,2020,2020_September_29_2020,fallacy of credibility
Donald Trump,100 trillion dollars.,2020-09-29,2020,2020_September_29_2020,None
Joe Biden,"the fact is, its going to create millions of goodpaying jobs. and these tax incentives to people, for people to weatherize, which he wants to get, get rid of. its going to make the economy much safer. look how much were paying now to deal with the hurricanes, with, deal with. . . by the way, he has an answer for hurricanes. he said, maybe we should drop a nuclear weapon on them, and they may go away.",2020-09-29,2020,2020_September_29_2020,None
Donald Trump,i never said that at all.,2020-09-29,2020,2020_September_29_2020,None
Joe Biden,"yeah, you did say that.",2020-09-29,2020,2020_September_29_2020,ad hominem
Donald Trump,they made it up.,2020-09-29,2020,2020_September_29_2020,false dilemma
Joe Biden,and heres the deal. . .,2020-09-29,2020,2020_September_29_2020,None
Donald Trump,you make up a lot.,2020-09-29,2020,2020_September_29_2020,ad hominem
Joe Biden,". . . were going to be in a position where we can create hard, hard, good jobs by making sure the environment is clean, and we all are in better shape. we spend billions of dollars now, billions of dollars, on floods, hurricanes, rising seas. were in real trouble. look whats happened just in the midwest with these storms that come through and wipe out entire sections and counties in iowa. they didnt happen before. theyre because of global warming. we make up 15 of the worlds problem. we in fact, but the rest of the world, weve got to get them to come along. thats why we have to get back into, back into the paris accord.",2020-09-29,2020,2020_September_29_2020,fallacy of relevance
Moderator,"all right, gentlemen. . .",2020-09-29,2020,2020_September_29_2020,None
Donald Trump,"wait a minute, chris. so why didnt he do it for 47 years? you were vicepresident?",2020-09-29,2020,2020_September_29_2020,false dilemma
Donald Trump,"so why didnt you get the worldchina sends up real dirt into the air. russia does. india does. they all do. were supposed to be good. and by the way, he made a couple of statements. the green new deal is a hundred trillion dollars. . .",2020-09-29,2020,2020_September_29_2020,None
Joe Biden,that is not my plan.,2020-09-29,2020,2020_September_29_2020,None
Donald Trump,. . .not 20 billion. . . .,2020-09-29,2020,2020_September_29_2020,None
Joe Biden,the green new deal is not my plan. . .,2020-09-29,2020,2020_September_29_2020,None
Donald Trump,. . . you want to rebuild every building.,2020-09-29,2020,2020_September_29_2020,None
Joe Biden,. . . if you knew anything about. . .,2020-09-29,2020,2020_September_29_2020,fallacy of relevance
Donald Trump,"well, you want to rebuild everything",2020-09-29,2020,2020_September_29_2020,None
Joe Biden,if he knew anything about. . .,2020-09-29,2020,2020_September_29_2020,None
Moderator,gentlemen. . . gentlemen. . .,2020-09-29,2020,2020_September_29_2020,None
Donald Trump,"he made a statement about the military. he said i said something about the military. he and his friends made it up, and then they went with it. i never said it.",2020-09-29,2020,2020_September_29_2020,None
Joe Biden,that is not true.,2020-09-29,2020,2020_September_29_2020,None
Donald Trump,what he did is he said. . .,2020-09-29,2020,2020_September_29_2020,false dilemma
Moderator,"okay, were going to get into a new segment. mr. vice president, mr. vice president. . .",2020-09-29,2020,2020_September_29_2020,None
Donald Trump,. . .is he called the military stupid bastards.,2020-09-29,2020,2020_September_29_2020,false dilemma
Joe Biden,i did not say that.,2020-09-29,2020,2020_September_29_2020,None
Donald Trump,he said it on tape. . . crosstalk,2020-09-29,2020,2020_September_29_2020,None
Donald Trump,. . .he said stupid bastards.,2020-09-29,2020,2020_September_29_2020,fallacy of relevance
Moderator,sir. crosstalk stop.,2020-09-29,2020,2020_September_29_2020,None
Donald Trump,i would never say that.,2020-09-29,2020,2020_September_29_2020,None
Donald Trump,youre on tape.,2020-09-29,2020,2020_September_29_2020,None
Moderator,mr. vice president answered his final question.,2020-09-29,2020,2020_September_29_2020,None
Joe Biden,"the final question is, i cant remember which of all his rantings was the final question.",2020-09-29,2020,2020_September_29_2020,fallacy of relevance
Moderator,"laughing im having a little trouble myself, but",2020-09-29,2020,2020_September_29_2020,None
Moderator,and about the economy and about this question of what its going to cost.,2020-09-29,2020,2020_September_29_2020,None
Joe Biden,the economy. . .,2020-09-29,2020,2020_September_29_2020,None
Moderator,the green new deal and the idea of what your environmental changes will do.,2020-09-29,2020,2020_September_29_2020,fallacy of relevance
Joe Biden,"the green new deal will pay for itself as we move forward. were not going to build plants that, in fact, are great polluting plants, were gonna build. . .",2020-09-29,2020,2020_September_29_2020,fallacy of relevance
Moderator,"so, do you support the green new deal?",2020-09-29,2020,2020_September_29_2020,ad hominem
Joe Biden,pardon me?,2020-09-29,2020,2020_September_29_2020,None
Moderator,do you support the . . .,2020-09-29,2020,2020_September_29_2020,false dilemma
Joe Biden,"no, i dont support the green new deal.",2020-09-29,2020,2020_September_29_2020,None
Donald Trump,"oh, you dont? oh, well, thats a big statement.",2020-09-29,2020,2020_September_29_2020,ad hominem
Joe Biden,i support . . .,2020-09-29,2020,2020_September_29_2020,None
Donald Trump,you just lost the radical left. its done. oh you dont?,2020-09-29,2020,2020_September_29_2020,false dilemma
Joe Biden,i support the biden plan that i put forward.,2020-09-29,2020,2020_September_29_2020,None
Joe Biden,"the biden plan, which is different than what he calls the radical green new deal.",2020-09-29,2020,2020_September_29_2020,fallacy of relevance
Moderator,"all right, gentlemen, final segment election integrity. as we meet tonight, millions of americans are receiving mailin ballots or going to vote early. how confident should we be that this will be a fair election, and what are you prepared to do over the next five plus weeks? because it will not only be to election day, but also counting some ballotsmailin ballotsafter election day. what are you prepared to do to reassure the american people that the next president will be the legitimate winner of this election. in this final segment, mr. vice president, you go first.",2020-09-29,2020,2020_September_29_2020,fallacy of relevance
Joe Biden,"prepare to let people vote. they should go to iwillvote.com. decide how theyre going to vote, when theyre going to vote, and what means by which theyre going to vote. his own homeland security director, and as well as the fbi director, says that there is no evidence at all that mailin ballots are a source of being manipulated and cheating. they said that. the fact is that there are going to be millions of people because of covid that are going to be voting by mailin ballots like he does, by the way. he sits behind the resolute desk and sends his ballot to florida. number one.",2020-09-29,2020,2020_September_29_2020,fallacy of relevance
Moderator,"mr. president, two minutes.",2020-09-29,2020,2020_September_29_2020,None
Donald Trump,"so when i listen to joe talking about a transition, there has been no transition from when i won. i won that election. and if you look at crooked hillary clinton, if you look at all of the different people, there was no transition, because they came after me trying to do a coup. they came after me spying on my campaign. they started from the day i won, and even before i won. from the day i came down the escalator with our first lady, they were a disaster. they were a disgrace to our country, and weve caught em. weve caught em all. weve got it all on tape. weve caught em all. and by the way, you gave the idea for the logan act against general flynn. you better take a look at that, because we caught you in a sense, and president obama was sitting in the office.",2020-09-29,2020,2020_September_29_2020,fallacy of relevance
Donald Trump,we have major states with that. . .,2020-09-29,2020,2020_September_29_2020,None
Moderator,sir. time. . .,2020-09-29,2020,2020_September_29_2020,None
Donald Trump,all run by democrats,2020-09-29,2020,2020_September_29_2020,false dilemma
Moderator,"sir, two minutes is two minutes.",2020-09-29,2020,2020_September_29_2020,None
Donald Trump,all run by democrats.,2020-09-29,2020,2020_September_29_2020,None
Moderator,"president trump. . . i, i,. . .",2020-09-29,2020,2020_September_29_2020,None
Donald Trump,its a rigged election.,2020-09-29,2020,2020_September_29_2020,false dilemma
Moderator,"youre going to be able to continue. you have been charging for months that mailin balloting is going to be a disaster. you say its rigged, that its going to lead to fraud. but in 2018, in the last midterm election, 31 million people voted mailin voting. that was a quarter, more than a quarter of all the voters that year, cast their ballots by mail. now that millions of mailin ballots have gone out, what are you going to do about it? and are you counting on the supreme court, including a justice barrett, to settle any dispute?",2020-09-29,2020,2020_September_29_2020,false dilemma
Donald Trump,"yeah. i think im counting on them to look at the ballots, definitely. i dont thinki hope we dont need them, in terms of the election itself. but for the ballots, i think so, because whats happening is incredible. i just heard, i read today where at least 1 of the ballots for 2016 were invalidated. they take em. we dont like em. we dont like em. they throw em out. . .",2020-09-29,2020,2020_September_29_2020,None
Moderator,but what are you going to do about it,2020-09-29,2020,2020_September_29_2020,None
Donald Trump,left and right.,2020-09-29,2020,2020_September_29_2020,None
Moderator,there are millions of ballots going out right now. what are you going to do. . .,2020-09-29,2020,2020_September_29_2020,None
Donald Trump,"what you do is you go and vote. you do a solicited ballot, and thats okay. . .",2020-09-29,2020,2020_September_29_2020,None
Moderator,no. no. i know your complaint. im asking you about the fact that millions of people have received. . .,2020-09-29,2020,2020_September_29_2020,fallacy of relevance
Donald Trump,you go and vote. you go and vote. . .,2020-09-29,2020,2020_September_29_2020,None
Moderator,no. but what im saying is . . .,2020-09-29,2020,2020_September_29_2020,None
Donald Trump,. . . like they used to in the old. . .,2020-09-29,2020,2020_September_29_2020,None
Moderator,. . . what are you going to do about the fact that millions of people. . .,2020-09-29,2020,2020_September_29_2020,false dilemma
Donald Trump,"you either do, chris, a solicited ballot, where youre sending it in, theyre sending it back and youre sending. they have mailmen with lots of it. did you see whats going on? take a look at west virginia, mailman selling the ballots. theyre being sold. theyre being dumped in rivers. this is a horrible thing for our country.",2020-09-29,2020,2020_September_29_2020,false dilemma
Joe Biden,there is nothere is no evidence of that. . .,2020-09-29,2020,2020_September_29_2020,None
Donald Trump,this is not going to end well.,2020-09-29,2020,2020_September_29_2020,None
Joe Biden,there is no evidence of that. . .,2020-09-29,2020,2020_September_29_2020,None
Donald Trump,this is not going to end well.,2020-09-29,2020,2020_September_29_2020,false dilemma
Moderator,"okay. vice president biden, in fact, go ahead, sir",2020-09-29,2020,2020_September_29_2020,None
Joe Biden,"five states have had mailin ballots for the last decade or more. five, including two republican states. and you dont have to solicit the ballot. its sent to you. its sent to your home. what were saying is, theyre saying is that it has to be a postmark by the time, by election day. if it doesnt get in until the seventh, eighth, ninth, it still should be counted. hes just afraid of counting the votes because. . . .",2020-09-29,2020,2020_September_29_2020,fallacy of relevance
Donald Trump,youre wrong. youre wrong. i love counting the votes. . .,2020-09-29,2020,2020_September_29_2020,ad hominem
Joe Biden,. . . he knows what the outcome will be.,2020-09-29,2020,2020_September_29_2020,None
Moderator,"i want to continue with you on this, vice president biden. . .",2020-09-29,2020,2020_September_29_2020,None
Donald Trump,"chris, hes so wrong when he makes a statement like that",2020-09-29,2020,2020_September_29_2020,ad hominem
Moderator,"no. excuse me. vice president biden, the biggest problem, in fact, over the years with mailin voting has not been fraud, historically. it has been that sizable numbers, sometimes hundreds of thousands of ballots are thrown out because they have not been properly filled out, or there is some other irregularity,. . .",2020-09-29,2020,2020_September_29_2020,false dilemma
Donald Trump,that could be fraud.,2020-09-29,2020,2020_September_29_2020,None
Moderator,". . .or they missed the deadline. so the question i have is, are you concerned that the supreme court with a justice barrett will settle any dispute?",2020-09-29,2020,2020_September_29_2020,ad hominem
Joe Biden,"i am concerned that any court would settle this, because heres the deal. when you filewhen you get a ballot and you fill it out, youre supposed to have an affidavit. if you didnt know, you have someone say that, this is me. you should be able to, if in fact you can verify thats you when, before the ballot is thrown out, thats sufficient to be able to count the ballot because someone made a mistake and not dotting the correct i. who they voted for, testify, say who they voted for, say its you. that is totally legitimate.",2020-09-29,2020,2020_September_29_2020,fallacy of relevance
Moderator,all right.,2020-09-29,2020,2020_September_29_2020,None
Donald Trump,"excuse me, chris, when you have eighty million ballots. . .",2020-09-29,2020,2020_September_29_2020,None
Moderator,no. no. no. i have a final crosstalk.,2020-09-29,2020,2020_September_29_2020,None
Donald Trump,. . . sent in and swamping the system. . .,2020-09-29,2020,2020_September_29_2020,None
Moderator,"gentlemen, i have a final question . . .",2020-09-29,2020,2020_September_29_2020,None
Donald Trump,"you know it cant be done. you know it cant, and already, theres been fraud deception and . . .",2020-09-29,2020,2020_September_29_2020,None
Joe Biden,mail service delivers 185 million pieces of mail a day. . .,2020-09-29,2020,2020_September_29_2020,None
Donald Trump,. . . eighty million ballots.,2020-09-29,2020,2020_September_29_2020,None
Moderator,"we can keep talking. in eight states, election workers are prohibited, currently by law, eight states, from even beginning to process ballots, even take them out of the envelopes and flatten them until election day. that means that its likely, because theres going to be a huge increase in mailin balloting, that we are not going to know on election night who the winner is, that it could be days. it could be weeks. . .",2020-09-29,2020,2020_September_29_2020,appeal to emotion
Donald Trump,could be months.,2020-09-29,2020,2020_September_29_2020,None
Moderator,". . . until we find out who the new president is. so, ifirst for you, sir. finally, for the vicepresident, and i hope neither of you will interrupt the other. will you urge your supporters to stay calm during this extended period, not to engage in any civil unrest? and will you pledge tonight that you will not declare victory until the election has been independently certified? president trump, you go first.",2020-09-29,2020,2020_September_29_2020,false dilemma
Donald Trump,"im urging my supporters to go into the polls and watch very carefully, because thats what has to happen. i am urging them to do it. as you know, today there was a big problem. in philadelphia, they went in to watch. theyre called poll watchers, a very safe, very nice thing. they were thrown out. they werent allowed to watch. you know why? because bad things happen in philadelphia. bad things. and i am urging, i am urging my people. i hope its going to be a fair election. if its a fair election. . .",2020-09-29,2020,2020_September_29_2020,fallacy of relevance
Moderator,youre urging them what?,2020-09-29,2020,2020_September_29_2020,ad hominem
Donald Trump,". . . i am 100 on board. but if i see tens of thousands of ballots being manipulated, i cant go along with that. and ill tell you what. . .",2020-09-29,2020,2020_September_29_2020,fallacy of relevance
Moderator,"what does that mean, not go along. . .",2020-09-29,2020,2020_September_29_2020,None
Donald Trump,. .. from a common sense. . .,2020-09-29,2020,2020_September_29_2020,None
Moderator,. . .does that mean youre going to tell your people . . .,2020-09-29,2020,2020_September_29_2020,fallacy of relevance
Donald Trump,ill tell you what it means. . .,2020-09-29,2020,2020_September_29_2020,None
Moderator,to take to the streets?,2020-09-29,2020,2020_September_29_2020,None
Donald Trump,it means you have a fraudulent election. youre sending out 80 million ballots. . .,2020-09-29,2020,2020_September_29_2020,false dilemma
Moderator,and what would you do about that?,2020-09-29,2020,2020_September_29_2020,None
Donald Trump,"theyre not equipped. these people arent equipped to handle it, number one. number two, they cheat. they cheat. hey, they found ballots in a wastepaper basket three days ago, and they all had the name military ballots. they were military. they all had the name trump on them.",2020-09-29,2020,2020_September_29_2020,false dilemma
Moderator,vice president biden,2020-09-29,2020,2020_September_29_2020,None
Donald Trump,you think thats good?,2020-09-29,2020,2020_September_29_2020,appeal to emotion
Moderator,"vice president biden, final question for you. will you urge your supporters to stay calm while the vote is counted? and will you pledge not to declare victory until the election is independently certified?",2020-09-29,2020,2020_September_29_2020,false dilemma
Joe Biden,"yes. and heres the deal. we count the ballots, as you pointed out. some of these ballots in some states cant even be opened until election day. and if theres thousands of ballots, its going to take time to do it. and by the way, our militarytheyve been voting by ballots for since the end of the civil war, in effect. and thats, and thats whats going to happen. why was it not, why is it for them, somehow not fraudulent. its the same process. its honest. no one has established at all that there is fraud related to mailin ballots, that the, somehow its a fraudulent process.",2020-09-29,2020,2020_September_29_2020,fallacy of relevance
Donald Trump,its already been established. take a look at carolyn maloneys race. . .,2020-09-29,2020,2020_September_29_2020,None
Moderator,i asked you. you had an opportunity to respond crosstalk.,2020-09-29,2020,2020_September_29_2020,None
Donald Trump,look at carolyn maloneys race. they have no idea what happened. . .,2020-09-29,2020,2020_September_29_2020,false dilemma
Moderator,"go ahead. vice president biden, go ahead.",2020-09-29,2020,2020_September_29_2020,None
Joe Biden,"he has no idea what hes talking about. heres the deal. the fact is, i will accept it, and he will too. you know why? because once the winner is declared after all the ballots are counted, all the votes are counted, thatll be the end of it. thatll be the end of it. and if its me, in fact, fine. if its not me, ill support the outcome. and ill be a president, not just for the democrats. ill be a president for democrats and republicans. and this guy if in fact. . .",2020-09-29,2020,2020_September_29_2020,appeal to emotion
Donald Trump,i want to see an honest ballot count. . .,2020-09-29,2020,2020_September_29_2020,None
Moderator,"gentlemen, just say thats the end of it crosstalk. this is the end of this debate",2020-09-29,2020,2020_September_29_2020,false dilemma
Donald Trump,i want to see an honest ballot count.,2020-09-29,2020,2020_September_29_2020,None
Moderator,were going to leave it there. . .,2020-09-29,2020,2020_September_29_2020,None
Donald Trump,and i think he does too. . .,2020-09-29,2020,2020_September_29_2020,None
Moderator,"to be continued in more debates as we go on. president trump, vice president biden, its been an interesting hour and a half. i want to thank you both for participating in the first of three debates that you have agreed to engage in. we want to thank case western reserve university and the cleveland clinic for hosting this event. the next debate, sponsored by the commission on presidential debates, will be one week from tomorrow, october 7th, at the university of utah in salt lake city. the two vicepresidential nominees, vice president mike pence and senator kamala harris will debate at 900 pm eastern that night. we hope you watch. until then, thank you, and good night.",2020-09-29,2020,2020_September_29_2020,None
